,Slack,SD,Machines,Accepted Load,Rejected Load,Available Resource
0,0.1,0.04,10,1091963.2,16649186.8,1629203
1,0.1,0.04,20,1708515.3,16032634.7,3262514
2,0.1,0.04,30,2203606.7,15537543.3,4616880
3,0.1,0.04,40,2623512.9,15117637.1,6027680
4,0.1,0.04,50,3264543.8,14476606.2,7237755
5,0.1,0.04,60,4029834,13711316,9061536
6,0.1,0.04,70,4334573.1,13406576.9,10944668
7,0.1,0.04,80,4932869.6,12808280.4,12533488
8,0.1,0.04,90,5890311.2,11850838.8,14555709
9,0.1,0.04,100,6424854.1,11316295.9,16388540
10,0.1,0.04,110,6913382.7,10827767.3,17075574
11,0.1,0.04,120,7407348.6,10333801.4,17741150
12,0.1,0.04,130,7893329.2,9847820.8,17741150
13,0.1,0.04,140,8486911.9,9254238.1,17741150
14,0.1,0.04,150,8894169.5,8846980.5,17741150
15,0.1,0.04,160,9496415.3,8244734.7,17741150
16,0.1,0.04,170,9858616.3,7882533.7,17741150
17,0.1,0.04,180,10102472.5,7638677.5,17741150
19,0.1,0.05,10,1125929.1,16615220.9,1607120
20,0.1,0.05,20,1870296.6,15870853.4,3263024
21,0.1,0.05,30,2262660.3,15478489.7,4677846
22,0.1,0.05,40,2768057.3,14973092.7,6150724
23,0.1,0.05,50,3309009.1,14432140.9,7952390
24,0.1,0.05,60,4036586.5,13704563.5,9364350
25,0.1,0.05,70,4248543,13492607,10758615
26,0.1,0.05,80,4789747.9,12951402.1,12381064
27,0.1,0.05,90,5734499.6,12006650.4,14753763
28,0.1,0.05,100,6153891.3,11587258.7,15985410
29,0.1,0.05,110,6855511.2,10885638.8,17327997
30,0.1,0.05,120,7467336.1,10273813.9,17580459
31,0.1,0.05,130,7957051.1,9784098.9,17741150
32,0.1,0.05,140,8563543.5,9177606.5,17741150
33,0.1,0.05,150,9064191.6,8676958.4,17741150
34,0.1,0.05,160,9573480.5,8167669.5,17741150
35,0.1,0.05,170,10040083.2,7701066.8,17741150
36,0.1,0.05,180,10217357.5,7523792.5,17741150
38,0.1,0.033,10,1076907.2,16664242.8,1519999
39,0.1,0.033,20,1664462,16076688,3132330
40,0.1,0.033,30,2162157.7,15578992.3,4539993
41,0.1,0.033,40,2810893,14930257,6318796
42,0.1,0.033,50,3357701.5,14383448.5,7653450
43,0.1,0.033,60,4104333,13636817,9565950
44,0.1,0.033,70,4469441.4,13271708.6,11286940
45,0.1,0.033,80,5087901,12653249,13157976
46,0.1,0.033,90,5820449.1,11920700.9,15224193
47,0.1,0.033,100,6465869.1,11275280.9,17162080
48,0.1,0.033,110,6948985,10792165,17228370
49,0.1,0.033,120,7595991.3,10145158.7,17581239
50,0.1,0.033,130,8055588.8,9685561.2,17741150
51,0.1,0.033,140,8539425.2,9201724.8,17741150
52,0.1,0.033,150,9036623.6,8704526.4,17741150
53,0.1,0.033,160,9645356.9,8095793.1,17741150
54,0.1,0.033,170,9959200.6,7781949.4,17741150
55,0.1,0.033,180,10281901.9,7459248.1,17741150
57,0.1,0.034,10,1143358.3,16597791.7,1617886
58,0.1,0.034,20,1758013.6,15983136.4,3171238
59,0.1,0.034,30,2100056.9,15641093.1,4592259
60,0.1,0.034,40,2622409.8,15118740.2,5960160
61,0.1,0.034,50,3304014.4,14437135.6,7777955
62,0.1,0.034,60,3799220.3,13941929.7,9130098
63,0.1,0.034,70,4599597.3,13141552.7,11643380
64,0.1,0.034,80,5157105.6,12584044.4,13058712
65,0.1,0.034,90,5629356.4,12111793.6,14466096
66,0.1,0.034,100,6386213,11354937,16417680
67,0.1,0.034,110,6998791.9,10742358.1,17593506
68,0.1,0.034,120,7407134.4,10334015.6,17654631
69,0.1,0.034,130,7945450.1,9795699.9,17741150
70,0.1,0.034,140,8602159.2,9138990.8,17741150
71,0.1,0.034,150,9106801.8,8634348.2,17741150
72,0.1,0.034,160,9456135.6,8285014.4,17741150
73,0.1,0.034,170,9936556.6,7804593.4,17741150
74,0.1,0.034,180,10125685.9,7615464.1,17741150
76,0.1,0.036,10,1075798.4,16665351.6,1615635
77,0.1,0.036,20,1553762.6,16187387.4,2845438
78,0.1,0.036,30,2288123.7,15453026.3,4585272
79,0.1,0.036,40,2732999.7,15008150.3,6165388
80,0.1,0.036,50,3262709.1,14478440.9,7522110
81,0.1,0.036,60,3685743.6,14055406.4,9118560
82,0.1,0.036,70,4425026,13316124,10696756
83,0.1,0.036,80,5205977.9,12535172.1,12787992
84,0.1,0.036,90,5774341.1,11966808.9,14725656
85,0.1,0.036,100,6321149.9,11420000.1,16181520
86,0.1,0.036,110,6966122.7,10775027.3,17451340
87,0.1,0.036,120,7512756.9,10228393.1,17740323
88,0.1,0.036,130,7914302,9826848,17705889
89,0.1,0.036,140,8415283.2,9325866.8,17741150
90,0.1,0.036,150,9068343,8672807,17741150
91,0.1,0.036,160,9549934.8,8191215.2,17741150
92,0.1,0.036,170,9944963.5,7796186.5,17741150
93,0.1,0.036,180,10284771.8,7456378.2,17741150
95,0.1,0.037,10,1097784.7,16643365.3,1529683
96,0.1,0.037,20,1722733.1,16018416.9,3169002
97,0.1,0.037,30,2251811.4,15489338.6,4754295
98,0.1,0.037,40,2648286.3,15092863.7,5719720
99,0.1,0.037,50,3388610.6,14352539.4,7731270
100,0.1,0.037,60,3999289,13741861,9345522
101,0.1,0.037,70,4598204.8,13142945.2,11480175
102,0.1,0.037,80,5213152.4,12527997.6,12824376
103,0.1,0.037,90,5746432.9,11994717.1,14320638
104,0.1,0.037,100,6448858,11292292,16789760
105,0.1,0.037,110,7084246,10656904,17627870
106,0.1,0.037,120,7583726.2,10157423.8,17741150
107,0.1,0.037,130,8084155.4,9656994.6,17741150
108,0.1,0.037,140,8601520,9139630,17741150
109,0.1,0.037,150,9139841.8,8601308.2,17741150
110,0.1,0.037,160,9632015.4,8109134.6,17741150
111,0.1,0.037,170,9974092.4,7767057.6,17741150
112,0.1,0.037,180,10311986.3,7429163.7,17741150
114,0.1,0.038,10,1043365.8,16697784.2,1519664
115,0.1,0.038,20,1609286.8,16131863.2,3006116
116,0.1,0.038,30,2252373.9,15488776.1,4499805
117,0.1,0.038,40,2789122.5,14952027.5,6386156
118,0.1,0.038,50,3379800,14361350,8050220
119,0.1,0.038,60,3999940,13741210,9576024
120,0.1,0.038,70,4465130.6,13276019.4,11470809
121,0.1,0.038,80,5114677.1,12626472.9,13078640
122,0.1,0.038,90,5912606.7,11828543.3,15104439
123,0.1,0.038,100,6336996.2,11404153.8,16297180
124,0.1,0.038,110,6917503.7,10823646.3,17521641
125,0.1,0.038,120,7573225.8,10167924.2,17733915
126,0.1,0.038,130,7963124.2,9778025.8,17741150
127,0.1,0.038,140,8534630,9206520,17741150
128,0.1,0.038,150,8985077.5,8756072.5,17741150
129,0.1,0.038,160,9597468.7,8143681.3,17741150
130,0.1,0.038,170,9780815.7,7960334.3,17741150
131,0.1,0.038,180,10254248.7,7486901.3,17741150
133,0.1,0.042,10,1092956.8,16648193.2,1598525
134,0.1,0.042,20,1700143,16041007,3250212
135,0.1,0.042,30,2114470.9,15626679.1,4481067
136,0.1,0.042,40,2655638.4,15085511.6,5974984
137,0.1,0.042,50,3233203.5,14507946.5,7293105
138,0.1,0.042,60,3881057.3,13860092.7,9843990
139,0.1,0.042,70,4280909.1,13460240.9,11076968
140,0.1,0.042,80,5114420.9,12626729.1,12945760
141,0.1,0.042,90,5632549.7,12108600.3,14361408
142,0.1,0.042,100,6452579.6,11288570.4,16202950
143,0.1,0.042,110,6999162.7,10741987.3,17334694
144,0.1,0.042,120,7439548.1,10301601.9,17740107
145,0.1,0.042,130,7942366.4,9798783.6,17741150
146,0.1,0.042,140,8559546,9181604,17741150
147,0.1,0.042,150,9149304.1,8591845.9,17741150
148,0.1,0.042,160,9563119.4,8178030.6,17741150
149,0.1,0.042,170,10004959.3,7736190.7,17741150
150,0.1,0.042,180,10303327.2,7437822.8,17741150
152,0.1,0.043,10,1141112.4,16600037.6,1640011
153,0.1,0.043,20,1542561.6,16198588.4,3009856
154,0.1,0.043,30,2075267.3,15665882.7,4477353
155,0.1,0.043,40,2795030.5,14946119.5,6248388
156,0.1,0.043,50,3368993.4,14372156.6,8114475
157,0.1,0.043,60,4098363.2,13642786.8,9442092
158,0.1,0.043,70,4449064.3,13292085.7,11242154
159,0.1,0.043,80,4932183.8,12808966.2,12362192
160,0.1,0.043,90,5712055.7,12029094.3,14317398
161,0.1,0.043,100,6384172.6,11356977.4,15994620
162,0.1,0.043,110,6996912.5,10744237.5,17741150
163,0.1,0.043,120,7355663.9,10385486.1,17741150
164,0.1,0.043,130,7921488.1,9819661.9,17741150
165,0.1,0.043,140,8435394.5,9305755.5,17741150
166,0.1,0.043,150,9013521.7,8727628.3,17741150
167,0.1,0.043,160,9485189.1,8255960.9,17741150
168,0.1,0.043,170,9884844.3,7856305.7,17741150
169,0.1,0.043,180,10200988.3,7540161.7,17741150
171,0.1,0.045,10,1168048.9,16573101.1,1626263
172,0.1,0.045,20,1839325.3,15901824.7,3122836
173,0.1,0.045,30,1951105.2,15790044.8,4233654
174,0.1,0.045,40,2848778.8,14892371.2,6182940
175,0.1,0.045,50,3296246.4,14444903.6,7822480
176,0.1,0.045,60,4019861.9,13721288.1,9793692
177,0.1,0.045,70,4293030.6,13448119.4,11296614
178,0.1,0.045,80,5130201,12610949,12412760
179,0.1,0.045,90,5583230.4,12157919.6,14768235
180,0.1,0.045,100,6195700.4,11545449.6,16223430
181,0.1,0.045,110,6964346.8,10776803.2,17372303
182,0.1,0.045,120,7359834.5,10381315.5,17737803
183,0.1,0.045,130,7906198.2,9834951.8,17741150
184,0.1,0.045,140,8521048.1,9220101.9,17741150
185,0.1,0.045,150,8946027.6,8795122.4,17741150
186,0.1,0.045,160,9539762.5,8201387.5,17741150
187,0.1,0.045,170,9828744.9,7912405.1,17741150
188,0.1,0.045,180,10191136.2,7550013.8,17741150
190,0.1,0.048,10,1110204.6,16630945.4,1629142
191,0.1,0.048,20,1550963.2,16190186.8,3216126
192,0.1,0.048,30,2118592.6,15622557.4,4521786
193,0.1,0.048,40,2749610.8,14991539.2,6301616
194,0.1,0.048,50,3328768.9,14412381.1,7891160
195,0.1,0.048,60,3967544.1,13773605.9,9522282
196,0.1,0.048,70,4414967,13326183,11028199
197,0.1,0.048,80,4980214.6,12760935.4,12367776
198,0.1,0.048,90,5752065.7,11989084.3,14537466
199,0.1,0.048,100,6406981.1,11334168.9,16085220
200,0.1,0.048,110,6996315.4,10744834.6,17305135
201,0.1,0.048,120,7604303,10136847,17741150
202,0.1,0.048,130,8124785.8,9616364.2,17741150
203,0.1,0.048,140,8594985.1,9146164.9,17741150
204,0.1,0.048,150,9148136.6,8593013.4,17741150
205,0.1,0.048,160,9563569,8177581,17741150
206,0.1,0.048,170,9997623.7,7743526.3,17741150
207,0.1,0.048,180,10165341.8,7575808.2,17741150
209,0.2,0.1,10,1167735.6,16573414.4,1697743
210,0.2,0.1,20,1937424.8,15803725.2,3435248
211,0.2,0.1,30,2360576.8,15380573.2,4985985
212,0.2,0.1,40,2791454.9,14949695.1,6525124
213,0.2,0.1,50,3456468.5,14284681.5,8418355
214,0.2,0.1,60,3882809.7,13858340.3,9283722
215,0.2,0.1,70,4627007.2,13114142.8,11416678
216,0.2,0.1,80,5233388.6,12507761.4,12658880
217,0.2,0.1,90,5706619.8,12034530.2,13809141
218,0.2,0.1,100,6013890.8,11727259.2,15734345
219,0.2,0.1,110,6656095.8,11085054.2,17403484
220,0.2,0.1,120,7268036.9,10473113.1,17741150
221,0.2,0.1,130,8044779.3,9696370.7,17741150
222,0.2,0.1,140,8616844.1,9124305.9,17741150
223,0.2,0.1,150,8947361.3,8793788.7,17741150
224,0.2,0.1,160,9276137,8465013,17741150
225,0.2,0.1,170,9642026,8099124,17741150
226,0.2,0.1,180,9967803,7773347,17741150
228,0.2,0.08,10,1238527.6,16502622.4,1709599
229,0.2,0.08,20,1879563.7,15861586.3,3321512
230,0.2,0.08,30,2236757.3,15504392.7,4840908
231,0.2,0.08,40,2877685.4,14863464.6,6575768
232,0.2,0.08,50,3081768.1,14659381.9,7451110
233,0.2,0.08,60,3984790,13756360,9643734
234,0.2,0.08,70,4327142.2,13414007.8,10844155
235,0.2,0.08,80,5173766.6,12567383.4,12811768
236,0.2,0.08,90,5671650.9,12069499.1,14575284
237,0.2,0.08,100,6458752.5,11282397.5,16403880
238,0.2,0.08,110,6792214,10948936,17446144
239,0.2,0.08,120,7370796.3,10370353.7,17741150
240,0.2,0.08,130,7887949.2,9853200.8,17741150
241,0.2,0.08,140,8187314.3,9553835.7,17741150
242,0.2,0.08,150,8938421.2,8802728.8,17741150
243,0.2,0.08,160,9202897.8,8538252.2,17741150
244,0.2,0.08,170,9478713.5,8262436.5,17741150
245,0.2,0.08,180,9830361.8,7910788.2,17741150
247,0.2,0.067,10,1146451.4,16594698.6,1685006
248,0.2,0.067,20,1811541.2,15929608.8,3297798
249,0.2,0.067,30,2272558.3,15468591.7,4740675
250,0.2,0.067,40,2658919.2,15082230.8,6662724
251,0.2,0.067,50,3372385.9,14368764.1,8073425
252,0.2,0.067,60,3885850.9,13855299.1,9525150
253,0.2,0.067,70,4681523.8,13059626.2,11624396
254,0.2,0.067,80,5275794.9,12465355.1,12599496
255,0.2,0.067,90,5634472.1,12106677.9,14073174
256,0.2,0.067,100,6225796.3,11515353.7,16441170
257,0.2,0.067,110,6697302.2,11043847.8,17295079
258,0.2,0.067,120,7181686.8,10559463.2,17741150
259,0.2,0.067,130,7643920.7,10097229.3,17741150
260,0.2,0.067,140,8409463.9,9331686.1,17741150
261,0.2,0.067,150,8851449.5,8889700.5,17741150
262,0.2,0.067,160,9401442.7,8339707.3,17741150
263,0.2,0.067,170,9613055.1,8128094.9,17741150
264,0.2,0.067,180,9919222.2,7821927.8,17741150
266,0.2,0.069,10,1251504.8,16489645.2,1763222
267,0.2,0.069,20,1903139.8,15838010.2,3494324
268,0.2,0.069,30,2412918.6,15328231.4,4842243
269,0.2,0.069,40,2743995.6,14997154.4,6828440
270,0.2,0.069,50,3426311.4,14314838.6,7626750
271,0.2,0.069,60,3910149.1,13831000.9,9232044
272,0.2,0.069,70,4632562.1,13108587.9,10934385
273,0.2,0.069,80,5281459.7,12459690.3,12896608
274,0.2,0.069,90,5736867.9,12004282.1,14533902
275,0.2,0.069,100,5958154.5,11782995.5,15081210
276,0.2,0.069,110,6735869.5,11005280.5,17258876
277,0.2,0.069,120,7257556.4,10483593.6,17741150
278,0.2,0.069,130,7815256,9925894,17741150
279,0.2,0.069,140,8167037.6,9574112.4,17741150
280,0.2,0.069,150,8727193.2,9013956.8,17741150
281,0.2,0.069,160,9222666.8,8518483.2,17741150
282,0.2,0.069,170,9692492.5,8048657.5,17741150
283,0.2,0.069,180,9817843.3,7923306.7,17741150
285,0.2,0.071,10,1192139,16549011,1739945
286,0.2,0.071,20,1881464.8,15859685.2,3401742
287,0.2,0.071,30,2234645.4,15506504.6,4877484
288,0.2,0.071,40,2879692.5,14861457.5,6795980
289,0.2,0.071,50,3301521.7,14439628.3,8091530
290,0.2,0.071,60,3859754.6,13881395.4,9479754
291,0.2,0.071,70,4495055.7,13246094.3,10595452
292,0.2,0.071,80,5144842.3,12596307.7,12724456
293,0.2,0.071,90,5672054.8,12069095.2,13990194
294,0.2,0.071,100,6244163.5,11496986.5,16229175
295,0.2,0.071,110,6732316,11008834,17412669
296,0.2,0.071,120,7144533.9,10596616.1,17741150
297,0.2,0.071,130,7692008.7,10049141.3,17741150
298,0.2,0.071,140,8267976.9,9473173.1,17741150
299,0.2,0.071,150,8857055,8884095,17741150
300,0.2,0.071,160,9128373.6,8612776.4,17741150
301,0.2,0.071,170,9273882.3,8467267.7,17741150
302,0.2,0.071,180,9506047.1,8235102.9,17741150
304,0.2,0.074,10,1194803,16546347,1709304
305,0.2,0.074,20,1941169.7,15799980.3,3318424
306,0.2,0.074,30,2285313.5,15455836.5,4754880
307,0.2,0.074,40,2602007.8,15139142.2,6728960
308,0.2,0.074,50,3423806.4,14317343.6,8162670
309,0.2,0.074,60,3879007.3,13862142.7,9786972
310,0.2,0.074,70,4655887.3,13085262.7,12100151
311,0.2,0.074,80,5057504.1,12683645.9,13052032
312,0.2,0.074,90,5616139.3,12125010.7,14482440
313,0.2,0.074,100,6201830.6,11539319.4,16439325
314,0.2,0.074,110,6800599.4,10940550.6,17486538
315,0.2,0.074,120,7300516.1,10440633.9,17741150
316,0.2,0.074,130,7856812.7,9884337.3,17741150
317,0.2,0.074,140,8255584.3,9485565.7,17741150
318,0.2,0.074,150,8634919.7,9106230.3,17741150
319,0.2,0.074,160,9129427.2,8611722.8,17741150
320,0.2,0.074,170,9370307.3,8370842.7,17741150
321,0.2,0.074,180,9647772.5,8093377.5,17741150
323,0.2,0.077,10,1194495.8,16546654.2,1714714
324,0.2,0.077,20,1763011.5,15978138.5,3265536
325,0.2,0.077,30,2490849.8,15250300.2,5223381
326,0.2,0.077,40,2656599.2,15084550.8,6325500
327,0.2,0.077,50,3389444,14351706,8433035
328,0.2,0.077,60,3992242.7,13748907.3,10047846
329,0.2,0.077,70,4653141,13088009,11020849
330,0.2,0.077,80,5181645.5,12559504.5,12813224
331,0.2,0.077,90,5687540.9,12053609.1,14013135
332,0.2,0.077,100,6404783.1,11336366.9,16164125
333,0.2,0.077,110,6719628.4,11021521.6,17331555
334,0.2,0.077,120,7465971.4,10275178.6,17741150
335,0.2,0.077,130,7972310.6,9768839.4,17741150
336,0.2,0.077,140,8420585.6,9320564.4,17741150
337,0.2,0.077,150,8875001.3,8866148.7,17741150
338,0.2,0.077,160,9245175.6,8495974.4,17741150
339,0.2,0.077,170,9632598.5,8108551.5,17741150
340,0.2,0.077,180,9771492.2,7969657.8,17741150
342,0.2,0.083,10,1148591.3,16592558.7,1622967
343,0.2,0.083,20,1616338.5,16124811.5,3097476
344,0.2,0.083,30,2246349.2,15494800.8,4494591
345,0.2,0.083,40,2841288.3,14899861.7,6420228
346,0.2,0.083,50,3240291.3,14500858.7,7790980
347,0.2,0.083,60,3798176.7,13942973.3,9608724
348,0.2,0.083,70,4556866.4,13184283.6,10726170
349,0.2,0.083,80,5174815.6,12566334.4,12928952
350,0.2,0.083,90,5592049.6,12149100.4,14220567
351,0.2,0.083,100,6273997.9,11467152.1,16208025
352,0.2,0.083,110,6767693.4,10973456.6,17425970
353,0.2,0.083,120,7318731.1,10422418.9,17741150
354,0.2,0.083,130,7833603,9907547,17741150
355,0.2,0.083,140,8338214.2,9402935.8,17741150
356,0.2,0.083,150,8892608.9,8848541.1,17741150
357,0.2,0.083,160,9197769,8543381,17741150
358,0.2,0.083,170,9534812,8206338,17741150
359,0.2,0.083,180,9982705.7,7758444.3,17741150
361,0.2,0.087,10,1172526.9,16568623.1,1724824
362,0.2,0.087,20,1790987.7,15950162.3,3337212
363,0.2,0.087,30,2642660.1,15098489.9,5105919
364,0.2,0.087,40,2861070.2,14880079.8,6394344
365,0.2,0.087,50,3304704,14436446,7961740
366,0.2,0.087,60,4062771.5,13678378.5,9808170
367,0.2,0.087,70,4628725.7,13112424.3,11565106
368,0.2,0.087,80,5250071.1,12491078.9,13137272
369,0.2,0.087,90,5607312.6,12133837.4,14304420
370,0.2,0.087,100,6257370.1,11483779.9,16610820
371,0.2,0.087,110,6772857.4,10968292.6,17576617
372,0.2,0.087,120,7325545.2,10415604.8,17741150
373,0.2,0.087,130,7903457.3,9837692.7,17741150
374,0.2,0.087,140,8388792.3,9352357.7,17741150
375,0.2,0.087,150,8870786.4,8870363.6,17741150
376,0.2,0.087,160,9092608.1,8648541.9,17741150
377,0.2,0.087,170,9700078.2,8041071.8,17741150
378,0.2,0.087,180,9934324,7806826,17741150
380,0.2,0.091,10,1211831.7,16529318.3,1689253
381,0.2,0.091,20,1837416.8,15903733.2,3199746
382,0.2,0.091,30,2284307.7,15456842.3,4627236
383,0.2,0.091,40,2647164.9,15093985.1,5886684
384,0.2,0.091,50,3284246.2,14456903.8,7665030
385,0.2,0.091,60,3954564.6,13786585.4,9486666
386,0.2,0.091,70,4585381.8,13155768.2,10956981
387,0.2,0.091,80,4969925.9,12771224.1,12618016
388,0.2,0.091,90,5640277,12100873,13709142
389,0.2,0.091,100,6198517.5,11542632.5,16177005
390,0.2,0.091,110,6704280.3,11036869.7,17364049
391,0.2,0.091,120,7490238.3,10250911.7,17741150
392,0.2,0.091,130,8099297.3,9641852.7,17741150
393,0.2,0.091,140,8367725.2,9373424.8,17741150
394,0.2,0.091,150,9064273.4,8676876.6,17741150
395,0.2,0.091,160,9350504.2,8390645.8,17741150
396,0.2,0.091,170,9703324,8037826,17741150
397,0.2,0.091,180,9803725.9,7937424.1,17741150
399,0.2,0.095,10,1265249.3,16475900.7,1751187
400,0.2,0.095,20,1697868.8,16043281.2,3221934
401,0.2,0.095,30,2452660.8,15288489.2,4807908
402,0.2,0.095,40,2913069.1,14828080.9,6602120
403,0.2,0.095,50,3349835.7,14391314.3,8034780
404,0.2,0.095,60,4120669.1,13620480.9,10332072
405,0.2,0.095,70,4562287.9,13178862.1,11280794
406,0.2,0.095,80,5084859,12656291,13075928
407,0.2,0.095,90,5476593.5,12264556.5,14833395
408,0.2,0.095,100,6169187.8,11571962.2,16906530
409,0.2,0.095,110,6711319.2,11029830.8,17432821
410,0.2,0.095,120,7105649.5,10635500.5,17730975
411,0.2,0.095,130,7721360,10019790,17741150
412,0.2,0.095,140,8156096.7,9585053.3,17741150
413,0.2,0.095,150,8726725.4,9014424.6,17741150
414,0.2,0.095,160,9142636,8598514,17741150
415,0.2,0.095,170,9352124.1,8389025.9,17741150
416,0.2,0.095,180,9543428.1,8197721.9,17741150
418,0.3,0.1,10,1197966.9,16543183.1,1749331
419,0.3,0.1,20,1863402.4,15877747.6,3395092
420,0.3,0.1,30,2944453,14796697,5451825
421,0.3,0.1,40,3188591.6,14552558.4,6596768
422,0.3,0.1,50,3456969.8,14284180.2,8296585
423,0.3,0.1,60,4065519.1,13675630.9,10109898
424,0.3,0.1,70,4688821.5,13052328.5,11794230
425,0.3,0.1,80,5308601.6,12432548.4,13599440
426,0.3,0.1,90,5817060.4,11924089.6,15905583
427,0.3,0.1,100,6303932.8,11437217.2,16329950
428,0.3,0.1,110,6646593.2,11094556.8,17571944
429,0.3,0.1,120,7126829.7,10614320.3,17741150
430,0.3,0.1,130,7586131.3,10155018.7,17741150
431,0.3,0.1,140,8017696.8,9723453.2,17741150
432,0.3,0.1,150,8422855.1,9318294.9,17741150
433,0.3,0.1,160,8673700.5,9067449.5,17741150
434,0.3,0.1,170,9312553.7,8428596.3,17741150
435,0.3,0.1,180,8982471.3,8758678.7,17741150
437,0.3,0.12,10,1262577.8,16478572.2,1710366
438,0.3,0.12,20,1918465.5,15822684.5,3470950
439,0.3,0.12,30,2418966.1,15322183.9,5206233
440,0.3,0.12,40,2588573,15152577,6061988
441,0.3,0.12,50,3408779.4,14332370.6,7880000
442,0.3,0.12,60,3973888.9,13767261.1,9154146
443,0.3,0.12,70,4348991.6,13392158.4,10868081
444,0.3,0.12,80,5187976.7,12553173.3,12876624
445,0.3,0.12,90,5793204.3,11947945.7,15108156
446,0.3,0.12,100,6137719.8,11603430.2,16256620
447,0.3,0.12,110,6588312.7,11152837.3,17604966
448,0.3,0.12,120,6840064.1,10901085.9,17741150
449,0.3,0.12,130,7596934.5,10144215.5,17741150
450,0.3,0.12,140,7860836.6,9880313.4,17741150
451,0.3,0.12,150,8292256.3,9448893.7,17741150
452,0.3,0.12,160,8670082.8,9071067.2,17741150
453,0.3,0.12,170,8817399.8,8923750.2,17741150
454,0.3,0.12,180,8694211,9046939,17741150
456,0.3,0.13,10,1196568,16544582,1762464
457,0.3,0.13,20,2208244,15532906,3712778
458,0.3,0.13,30,2505451.7,15235698.3,5263569
459,0.3,0.13,40,2848301,14892849,6376172
460,0.3,0.13,50,3425052,14316098,8656110
461,0.3,0.13,60,3983147.2,13758002.8,10049964
462,0.3,0.13,70,4591222.6,13149927.4,11782106
463,0.3,0.13,80,4986047,12755103,12688528
464,0.3,0.13,90,5777189.6,11963960.4,15221447
465,0.3,0.13,100,6479398.3,11261751.7,17093535
466,0.3,0.13,110,6761323.2,10979826.8,17656534
467,0.3,0.13,120,7446552.9,10294597.1,17741150
468,0.3,0.13,130,7826419.4,9914730.6,17741150
469,0.3,0.13,140,7813018.3,9928131.7,17741150
470,0.3,0.13,150,8398986.9,9342163.1,17741150
471,0.3,0.13,160,8877828.9,8863321.1,17741150
472,0.3,0.13,170,9045077.4,8696072.6,17741150
473,0.3,0.13,180,9309535.6,8431614.4,17741150
475,0.3,0.15,10,1210988.7,16530161.3,1772893
476,0.3,0.15,20,2124629.5,15616520.5,3615174
477,0.3,0.15,30,2315050.8,15426099.2,5077464
478,0.3,0.15,40,3051526.5,14689623.5,7073368
479,0.3,0.15,50,3391135.9,14350014.1,8194920
480,0.3,0.15,60,3985184.9,13755965.1,9525294
481,0.3,0.15,70,4500186.4,13240963.6,11422194
482,0.3,0.15,80,5164302.7,12576847.3,12487352
483,0.3,0.15,90,5682828.8,12058321.2,14659307
484,0.3,0.15,100,6145967.4,11595182.6,16467080
485,0.3,0.15,110,6824225.7,10916924.3,17741150
486,0.3,0.15,120,7063590.9,10677559.1,17741150
487,0.3,0.15,130,7628063.7,10113086.3,17741150
488,0.3,0.15,140,8093050.4,9648099.6,17741150
489,0.3,0.15,150,8325646.1,9415503.9,17741150
490,0.3,0.15,160,8551072.1,9190077.9,17741150
491,0.3,0.15,170,9032446.7,8708703.3,17741150
492,0.3,0.15,180,9065732.4,8675417.6,17741150
494,0.3,0.103,10,1237308.2,16503841.8,1615124
495,0.3,0.103,20,2024852.8,15716297.2,3482818
496,0.3,0.103,30,2392238.8,15348911.2,5049702
497,0.3,0.103,40,2892347.9,14848802.1,6666184
498,0.3,0.103,50,3303673.6,14437476.4,7548985
499,0.3,0.103,60,4057700.2,13683449.8,10290744
500,0.3,0.103,70,4540354.6,13200795.4,11889486
501,0.3,0.103,80,5269702.4,12471447.6,13498720
502,0.3,0.103,90,5887608.8,11853541.2,15431849
503,0.3,0.103,100,6164314.3,11576835.7,16666835
504,0.3,0.103,110,6657323.4,11083826.6,17725625
505,0.3,0.103,120,7271936.2,10469213.8,17741150
506,0.3,0.103,130,7498742.9,10242407.1,17741150
507,0.3,0.103,140,8143258.6,9597891.4,17741150
508,0.3,0.103,150,8386734.7,9354415.3,17741150
509,0.3,0.103,160,8772519.7,8968630.3,17741150
510,0.3,0.103,170,9247348.9,8493801.1,17741150
511,0.3,0.103,180,9004608.3,8736541.7,17741150
513,0.3,0.107,10,1198439.1,16542710.9,1762111
514,0.3,0.107,20,1781930.7,15959219.3,3439776
515,0.3,0.107,30,2636870.5,15104279.5,5220246
516,0.3,0.107,40,2926515.9,14814634.1,6428536
517,0.3,0.107,50,3564171.8,14176978.2,8487390
518,0.3,0.107,60,4066725.8,13674424.2,9903072
519,0.3,0.107,70,4738673.7,13002476.3,11680998
520,0.3,0.107,80,5079386.7,12661763.3,13327176
521,0.3,0.107,90,5588058.2,12153091.8,15575535
522,0.3,0.107,100,6056825.3,11684324.7,16456635
523,0.3,0.107,110,6331589.1,11409560.9,17316485
524,0.3,0.107,120,7090271.7,10650878.3,17741150
525,0.3,0.107,130,7478164.9,10262985.1,17741150
526,0.3,0.107,140,7856593.9,9884556.1,17741150
527,0.3,0.107,150,8289208.6,9451941.4,17741150
528,0.3,0.107,160,8371098.3,9370051.7,17741150
529,0.3,0.107,170,8804548.6,8936601.4,17741150
530,0.3,0.107,180,8931944.7,8809205.3,17741150
532,0.3,0.111,10,1182875.6,16558274.4,1783635
533,0.3,0.111,20,1900977.7,15840172.3,3540426
534,0.3,0.111,30,2520061.2,15221088.8,5083188
535,0.3,0.111,40,3023739.5,14717410.5,7023380
536,0.3,0.111,50,3370638,14370512,8086935
537,0.3,0.111,60,3885135.9,13856014.1,10278912
538,0.3,0.111,70,4465838.8,13275311.2,11374895
539,0.3,0.111,80,5226420.4,12514729.6,12843688
540,0.3,0.111,90,5705197.2,12035952.8,15475742
541,0.3,0.111,100,6063990.6,11677159.4,16365820
542,0.3,0.111,110,6560996.3,11180153.7,17577191
543,0.3,0.111,120,7199537.2,10541612.8,17741150
544,0.3,0.111,130,7521823.3,10219326.7,17741150
545,0.3,0.111,140,7972472.9,9768677.1,17741150
546,0.3,0.111,150,8437057.4,9304092.6,17741150
547,0.3,0.111,160,8734087.6,9007062.4,17741150
548,0.3,0.111,170,8783012.3,8958137.7,17741150
549,0.3,0.111,180,9119920.9,8621229.1,17741150
551,0.3,0.115,10,1205405.6,16535744.4,1721903
552,0.3,0.115,20,2033635.3,15707514.7,3577128
553,0.3,0.115,30,2269428.1,15471721.9,5032434
554,0.3,0.115,40,2857187.8,14883962.2,6515564
555,0.3,0.115,50,3441974.5,14299175.5,8255605
556,0.3,0.115,60,3873011.4,13868138.6,9932472
557,0.3,0.115,70,4660284.6,13080865.4,11268278
558,0.3,0.115,80,5118033.3,12623116.7,12855360
559,0.3,0.115,90,5665493,12075657,14989302
560,0.3,0.115,100,6245645.3,11495504.7,16581285
561,0.3,0.115,110,6654622.8,11086527.2,17505522
562,0.3,0.115,120,6991623.8,10749526.2,17741150
563,0.3,0.115,130,7614302.8,10126847.2,17741150
564,0.3,0.115,140,7900410.2,9840739.8,17741150
565,0.3,0.115,150,8403440.7,9337709.3,17741150
566,0.3,0.115,160,8692224.5,9048925.5,17741150
567,0.3,0.115,170,8950772.5,8790377.5,17741150
568,0.3,0.115,180,9297730,8443420,17741150
570,0.3,0.125,10,1239215.5,16501934.5,1769618
571,0.3,0.125,20,1820312.8,15920837.2,3440992
572,0.3,0.125,30,2442459.6,15298690.4,5145015
573,0.3,0.125,40,2952437.2,14788712.8,6656340
574,0.3,0.125,50,3524714.2,14216435.8,8136280
575,0.3,0.125,60,3939805.5,13801344.5,9576654
576,0.3,0.125,70,4732787,13008363,11649141
577,0.3,0.125,80,4973563,12767587,13369840
578,0.3,0.125,90,5713153.2,12027996.8,15534702
579,0.3,0.125,100,6152556.1,11588593.9,16725395
580,0.3,0.125,110,6761769.3,10979380.7,17641638
581,0.3,0.125,120,6815286.8,10925863.2,17741150
582,0.3,0.125,130,7631714.8,10109435.2,17741150
583,0.3,0.125,140,8036554.1,9704595.9,17741150
584,0.3,0.125,150,8163219.6,9577930.4,17741150
585,0.3,0.125,160,8734518.3,9006631.7,17741150
586,0.3,0.125,170,9064169.9,8676980.1,17741150
587,0.3,0.125,180,9387011.4,8354138.6,17741150
589,0.3,0.136,10,1279507.7,16461642.3,1764033
590,0.3,0.136,20,1751009.4,15990140.6,3574282
591,0.3,0.136,30,2224182.7,15516967.3,5059281
592,0.3,0.136,40,2879691.6,14861458.4,6895124
593,0.3,0.136,50,3390039.7,14351110.3,8435535
594,0.3,0.136,60,3813062.2,13928087.8,9221484
595,0.3,0.136,70,4730557,13010593,11414431
596,0.3,0.136,80,5167601.7,12573548.3,13702848
597,0.3,0.136,90,5656647.1,12084502.9,15314346
598,0.3,0.136,100,6154845.4,11586304.6,16520325
599,0.3,0.136,110,6563361.1,11177788.9,17571797
600,0.3,0.136,120,7286379.1,10454770.9,17741150
601,0.3,0.136,130,7695810.4,10045339.6,17741150
602,0.3,0.136,140,8225309.3,9515840.7,17741150
603,0.3,0.136,150,8565840.3,9175309.7,17741150
604,0.3,0.136,160,8919757.7,8821392.3,17741150
605,0.3,0.136,170,9119768.2,8621381.8,17741150
606,0.3,0.136,180,9417227.8,8323922.2,17741150
608,0.3,0.143,10,1252003.2,16489146.8,1788917
609,0.3,0.143,20,1930121.4,15811028.6,3679210
610,0.3,0.143,30,2404283.4,15336866.6,5089413
611,0.3,0.143,40,2976725.7,14764424.3,6799456
612,0.3,0.143,50,3532199.2,14208950.8,9053915
613,0.3,0.143,60,4181623.8,13559526.2,10202724
614,0.3,0.143,70,4616057.7,13125092.3,11782169
615,0.3,0.143,80,5201127.4,12540022.6,12525128
616,0.3,0.143,90,5894865.9,11846284.1,14440320
617,0.3,0.143,100,6195899.5,11545250.5,16802565
618,0.3,0.143,110,6680569.2,11060580.8,17502983
619,0.3,0.143,120,7172415,10568735,17741150
620,0.3,0.143,130,7707914.9,10033235.1,17741150
621,0.3,0.143,140,7896268.1,9844881.9,17741150
622,0.3,0.143,150,8354288.6,9386861.4,17741150
623,0.3,0.143,160,8926918,8814232,17741150
624,0.3,0.143,170,9215022.6,8526127.4,17741150
625,0.3,0.143,180,9312124.8,8429025.2,17741150
627,0.4,0.2,10,1331067,16410083,1801528
628,0.4,0.2,20,1779856.9,15961293.1,3515792
629,0.4,0.2,30,2401790.2,15339359.8,5222634
630,0.4,0.2,40,2635531.8,15105618.2,7232204
631,0.4,0.2,50,3472969.2,14268180.8,8602600
632,0.4,0.2,60,3991698.3,13749451.7,10211418
633,0.4,0.2,70,4301367.7,13439782.3,11664583
634,0.4,0.2,80,5190502,12550648,13460904
635,0.4,0.2,90,5705813.3,12035336.7,15653879
636,0.4,0.2,100,6229190.3,11511959.7,16812505
637,0.4,0.2,110,6372787.2,11368362.8,17737749
638,0.4,0.2,120,7125274.1,10615875.9,17741150
639,0.4,0.2,130,7148412,10592738,17741150
640,0.4,0.2,140,7423331.3,10317818.7,17741150
641,0.4,0.2,150,7722168,10018982,17741150
642,0.4,0.2,160,8219649.1,9521500.9,17741150
643,0.4,0.2,170,8199871.2,9541278.8,17741150
644,0.4,0.2,180,8165679.2,9575470.8,17741150
646,0.4,0.16,10,1264490.6,16476659.4,1890206
647,0.4,0.16,20,2011394.4,15729755.6,3649638
648,0.4,0.16,30,2469931.5,15271218.5,5427861
649,0.4,0.16,40,2743127.6,14998022.4,7045984
650,0.4,0.16,50,3348865.2,14392284.8,8408965
651,0.4,0.16,60,4073651.9,13667498.1,10238022
652,0.4,0.16,70,4482533.7,13258616.3,12237393
653,0.4,0.16,80,5165307.8,12575842.2,13068576
654,0.4,0.16,90,5657076.6,12084073.4,15110253
655,0.4,0.16,100,6125980.7,11615169.3,17040025
656,0.4,0.16,110,6352370.5,11388779.5,17679480
657,0.4,0.16,120,7014492.5,10726657.5,17741150
658,0.4,0.16,130,7156901,10584249,17741150
659,0.4,0.16,140,7727110.4,10014039.6,17741150
660,0.4,0.16,150,8254499.9,9486650.1,17741150
661,0.4,0.16,160,8563622.6,9177527.4,17741150
662,0.4,0.16,170,8586645.9,9154504.1,17741150
663,0.4,0.16,180,8613847.4,9127302.6,17741150
665,0.4,0.19,10,1316411.5,16424738.5,1816766
666,0.4,0.19,20,1987390.9,15753759.1,3662998
667,0.4,0.19,30,2560411.3,15180738.7,5603829
668,0.4,0.19,40,2788945.8,14952204.2,7157240
669,0.4,0.19,50,3505048.2,14236101.8,8105340
670,0.4,0.19,60,4144179.7,13596970.3,10177380
671,0.4,0.19,70,4680031.4,13061118.6,11797639
672,0.4,0.19,80,5108707.6,12632442.4,13916704
673,0.4,0.19,90,5492431.3,12248718.7,15431183
674,0.4,0.19,100,6127057.5,11614092.5,17111855
675,0.4,0.19,110,6462892.2,11278257.8,17631775
676,0.4,0.19,120,6973089.9,10768060.1,17741150
677,0.4,0.19,130,7322833.5,10418316.5,17741150
678,0.4,0.19,140,7821144.7,9920005.3,17741150
679,0.4,0.19,150,7708251,10032899,17741150
680,0.4,0.19,160,8258726.4,9482423.6,17741150
681,0.4,0.19,170,8129539.8,9611610.2,17741150
682,0.4,0.19,180,8454249.9,9286900.1,17741150
684,0.4,0.133,10,1284419.6,16456730.4,1868696
685,0.4,0.133,20,2147251.7,15593898.3,3898080
686,0.4,0.133,30,2297219.8,15443930.2,5165712
687,0.4,0.133,40,2919964.8,14821185.2,7159184
688,0.4,0.133,50,3363086,14378064,8608445
689,0.4,0.133,60,3828008.6,13913141.4,9928860
690,0.4,0.133,70,4381833,13359317,11625670
691,0.4,0.133,80,4896033.5,12845116.5,12754296
692,0.4,0.133,90,5473255.3,12267894.7,14990300
693,0.4,0.133,100,5868264.4,11872885.6,16828690
694,0.4,0.133,110,6323421.7,11417728.3,17700569
695,0.4,0.133,120,7075687.2,10665462.8,17741150
696,0.4,0.133,130,7397367.8,10343782.2,17741150
697,0.4,0.133,140,7602858.3,10138291.7,17741150
698,0.4,0.133,150,7753620,9987530,17741150
699,0.4,0.133,160,7983733.8,9757416.2,17741150
700,0.4,0.133,170,8644385.9,9096764.1,17741150
701,0.4,0.133,180,8964658.2,8776491.8,17741150
703,0.4,0.138,10,1272080.9,16469069.1,1858919
704,0.4,0.138,20,1741152,15999998,3545100
705,0.4,0.138,30,2259377.4,15481772.6,5113992
706,0.4,0.138,40,2898281.9,14842868.1,7291000
707,0.4,0.138,50,3313014.1,14428135.9,9206125
708,0.4,0.138,60,3915543.8,13825606.2,10424406
709,0.4,0.138,70,4687826.6,13053323.4,12093200
710,0.4,0.138,80,5052044.9,12689105.1,13988144
711,0.4,0.138,90,5696835.3,12044314.7,15535017
712,0.4,0.138,100,6173449.4,11567700.6,17188810
713,0.4,0.138,110,6749364.7,10991785.3,17741150
714,0.4,0.138,120,6881200.5,10859949.5,17741150
715,0.4,0.138,130,7510361.3,10230788.7,17741150
716,0.4,0.138,140,7681786.9,10059363.1,17741150
717,0.4,0.138,150,7832067.9,9909082.1,17741150
718,0.4,0.138,160,8251697.2,9489452.8,17741150
719,0.4,0.138,170,8241613.4,9499536.6,17741150
720,0.4,0.138,180,8623035.1,9118114.9,17741150
722,0.4,0.143,10,1267240.7,16473909.3,1783758
723,0.4,0.143,20,1985627.8,15755522.2,3545640
724,0.4,0.143,30,2334304.9,15406845.1,5231622
725,0.4,0.143,40,2839548.8,14901601.2,6839680
726,0.4,0.143,50,3440199.6,14300950.4,8130435
727,0.4,0.143,60,4163370.6,13577779.4,10986690
728,0.4,0.143,70,4425732.6,13315417.4,11944058
729,0.4,0.143,80,5011368,12729782,13592176
730,0.4,0.143,90,5428892.8,12312257.2,14622660
731,0.4,0.143,100,6181438.4,11559711.6,17074720
732,0.4,0.143,110,6342038.9,11399111.1,17709171
733,0.4,0.143,120,6832321.4,10908828.6,17741150
734,0.4,0.143,130,7286870.1,10454279.9,17741150
735,0.4,0.143,140,7784558.9,9956591.1,17741150
736,0.4,0.143,150,7970208.2,9770941.8,17741150
737,0.4,0.143,160,8250792.9,9490357.1,17741150
738,0.4,0.143,170,8561194.8,9179955.2,17741150
739,0.4,0.143,180,8842106.3,8899043.7,17741150
741,0.4,0.148,10,1209820.8,16531329.2,1787982
742,0.4,0.148,20,1898940.9,15842209.1,3599806
743,0.4,0.148,30,2513710.2,15227439.8,5404482
744,0.4,0.148,40,2959981.2,14781168.8,7159060
745,0.4,0.148,50,3517773.7,14223376.3,8556370
746,0.4,0.148,60,3979202.8,13761947.2,10766730
747,0.4,0.148,70,4509877,13231273,12649826
748,0.4,0.148,80,4970458.4,12770691.6,13813368
749,0.4,0.148,90,5526146.8,12215003.2,15373116
750,0.4,0.148,100,5885108.8,11856041.2,16873660
751,0.4,0.148,110,6479314.4,11261835.6,17741150
752,0.4,0.148,120,6852678.7,10888471.3,17741150
753,0.4,0.148,130,7206065.7,10535084.3,17741150
754,0.4,0.148,140,7443450.6,10297699.4,17741150
755,0.4,0.148,150,7742270.7,9998879.3,17741150
756,0.4,0.148,160,7961011.5,9780138.5,17741150
757,0.4,0.148,170,8412352.9,9328797.1,17741150
758,0.4,0.148,180,8608400.4,9132749.6,17741150
760,0.4,0.154,10,1222669.3,16518480.7,1745181
761,0.4,0.154,20,1940065.1,15801084.9,3669284
762,0.4,0.154,30,2183657.5,15557492.5,5390526
763,0.4,0.154,40,2730851.4,15010298.6,7060612
764,0.4,0.154,50,3291871.8,14449278.2,8715020
765,0.4,0.154,60,3845733.2,13895416.8,10437246
766,0.4,0.154,70,4576573.3,13164576.7,12616800
767,0.4,0.154,80,5136413.5,12604736.5,13490912
768,0.4,0.154,90,5406458.7,12334691.3,15320493
769,0.4,0.154,100,6065422.9,11675727.1,16802765
770,0.4,0.154,110,6658267,11082883,17723889
771,0.4,0.154,120,6546572.4,11194577.6,17741150
772,0.4,0.154,130,7213871,10527279,17741150
773,0.4,0.154,140,7574470.8,10166679.2,17741150
774,0.4,0.154,150,7960952.9,9780197.1,17741150
775,0.4,0.154,160,8299346.6,9441803.4,17741150
776,0.4,0.154,170,8104205,9636945,17741150
777,0.4,0.154,180,8804790.3,8936359.7,17741150
779,0.4,0.167,10,1246528.9,16494621.1,1856126
780,0.4,0.167,20,2121229,15619921,3809532
781,0.4,0.167,30,2256904.9,15484245.1,4982343
782,0.4,0.167,40,2815920.3,14925229.7,6914524
783,0.4,0.167,50,3258362.4,14482787.6,7693950
784,0.4,0.167,60,3938660.9,13802489.1,9479430
785,0.4,0.167,70,4438941.1,13302208.9,11457964
786,0.4,0.167,80,5126536.6,12614613.4,13623568
787,0.4,0.167,90,5372191.2,12368958.8,15373646
788,0.4,0.167,100,5814280,11926870,16862470
789,0.4,0.167,110,6431576.5,11309573.5,17720147
790,0.4,0.167,120,6836390.7,10904759.3,17741150
791,0.4,0.167,130,7158080,10583070,17741150
792,0.4,0.167,140,7747539.7,9993610.3,17741150
793,0.4,0.167,150,7936613.7,9804536.3,17741150
794,0.4,0.167,160,8214928.7,9526221.3,17741150
795,0.4,0.167,170,8509525.9,9231624.1,17741150
796,0.4,0.167,180,8339923.6,9401226.4,17741150
798,0.4,0.174,10,1236456.2,16504693.8,1781019
799,0.4,0.174,20,1669804.2,16071345.8,3268738
800,0.4,0.174,30,2497841,15243309,5517033
801,0.4,0.174,40,2776446.2,14964703.8,6444372
802,0.4,0.174,50,3371661.7,14369488.3,8606985
803,0.4,0.174,60,3863198.1,13877951.9,10286400
804,0.4,0.174,70,4455222.9,13285927.1,11722025
805,0.4,0.174,80,5071488.3,12669661.7,13744544
806,0.4,0.174,90,5713463.3,12027686.7,15331895
807,0.4,0.174,100,5985625.6,11755524.4,16961810
808,0.4,0.174,110,6366560.5,11374589.5,17654332
809,0.4,0.174,120,7116252.8,10624897.2,17741150
810,0.4,0.174,130,7601134.4,10140015.6,17741150
811,0.4,0.174,140,7825492.3,9915657.7,17741150
812,0.4,0.174,150,8170951.1,9570198.9,17741150
813,0.4,0.174,160,7848162.7,9892987.3,17741150
814,0.4,0.174,170,8659653.5,9081496.5,17741150
815,0.4,0.174,180,8664246.3,9076903.7,17741150
817,0.4,0.182,10,1260332.4,16480817.6,1827756
818,0.4,0.182,20,1860926.5,15880223.5,3514250
819,0.4,0.182,30,2307777.9,15433372.1,5095104
820,0.4,0.182,40,2632476.7,15108673.3,6810616
821,0.4,0.182,50,3361734.9,14379415.1,8465030
822,0.4,0.182,60,3958786,13782364,10135734
823,0.4,0.182,70,4533115.2,13208034.8,11353832
824,0.4,0.182,80,5004243.4,12736906.6,13648520
825,0.4,0.182,90,5540418.8,12200731.2,14998392
826,0.4,0.182,100,6083450,11657700,16827295
827,0.4,0.182,110,6050352.9,11690797.1,17678259
828,0.4,0.182,120,7001182.9,10739967.1,17741150
829,0.4,0.182,130,6888807.4,10852342.6,17741150
830,0.4,0.182,140,7275067.5,10466082.5,17741150
831,0.4,0.182,150,7983897.5,9757252.5,17741150
832,0.4,0.182,160,8261440.6,9479709.4,17741150
833,0.4,0.182,170,8408589.2,9332560.8,17741150
834,0.4,0.182,180,8450372.5,9290777.5,17741150
836,0.5,0.2,10,1316129.3,16425020.7,1791717
837,0.5,0.2,20,1826578.1,15914571.9,3492900
838,0.5,0.2,30,2402092.4,15339057.6,5557680
839,0.5,0.2,40,2875930.7,14865219.3,6815992
840,0.5,0.2,50,3332121.4,14409028.6,8526825
841,0.5,0.2,60,3906691.5,13834458.5,10240266
842,0.5,0.2,70,4385240.6,13355909.4,12487475
843,0.5,0.2,80,4973802.3,12767347.7,13744456
844,0.5,0.2,90,5381082,12360068,15365016
845,0.5,0.2,100,5762258.3,11978891.7,16961150
846,0.5,0.2,110,6621933.5,11119216.5,17741150
847,0.5,0.2,120,6802085.3,10939064.7,17741150
848,0.5,0.2,130,6928107.7,10813042.3,17741150
849,0.5,0.2,140,7350839.2,10390310.8,17741150
850,0.5,0.2,150,7658958,10082192,17741150
851,0.5,0.2,160,8184878.5,9556271.5,17741150
852,0.5,0.2,170,7855168.1,9885981.9,17741150
853,0.5,0.2,180,7909244.9,9831905.1,17741150
855,0.5,0.25,10,1256738.4,16484411.6,1983841
856,0.5,0.25,20,1802973.3,15938176.7,3880732
857,0.5,0.25,30,2229371.2,15511778.8,5593155
858,0.5,0.25,40,2742878.5,14998271.5,7281544
859,0.5,0.25,50,3347796.2,14393353.8,8766900
860,0.5,0.25,60,3831451.3,13909698.7,10361580
861,0.5,0.25,70,4445639.1,13295510.9,12337948
862,0.5,0.25,80,4958307.3,12782842.7,13722624
863,0.5,0.25,90,5309998.9,12431151.1,15509555
864,0.5,0.25,100,5886914,11854236,17501975
865,0.5,0.25,110,6256951.7,11484198.3,17741150
866,0.5,0.25,120,6747459.4,10993690.6,17741150
867,0.5,0.25,130,7232901.2,10508248.8,17741150
868,0.5,0.25,140,7168170.1,10572979.9,17741150
869,0.5,0.25,150,7793148.4,9948001.6,17741150
870,0.5,0.25,160,7867846.8,9873303.2,17741150
871,0.5,0.25,170,8081969.7,9659180.3,17741150
872,0.5,0.25,180,8020784.1,9720365.9,17741150
874,0.5,0.167,10,1314853.8,16426296.2,1805598
875,0.5,0.167,20,1791256.4,15949893.6,3680364
876,0.5,0.167,30,2504515.3,15236634.7,5320500
877,0.5,0.167,40,2716174.7,15024975.3,6962868
878,0.5,0.167,50,3329366.8,14411783.2,8193465
879,0.5,0.167,60,3725378.7,14015771.3,9832530
880,0.5,0.167,70,4361553.2,13379596.8,12433435
881,0.5,0.167,80,4811646.8,12929503.2,13723088
882,0.5,0.167,90,5803327.5,11937822.5,15901964
883,0.5,0.167,100,5593673.4,12147476.6,17185915
884,0.5,0.167,110,6384418.5,11356731.5,17741150
885,0.5,0.167,120,6569997.8,11171152.2,17741150
886,0.5,0.167,130,6738286.2,11002863.8,17741150
887,0.5,0.167,140,7492428.6,10248721.4,17741150
888,0.5,0.167,150,7399209.3,10341940.7,17741150
889,0.5,0.167,160,7760273.4,9980876.6,17741150
890,0.5,0.167,170,7784839.8,9956310.2,17741150
891,0.5,0.167,180,8382963.4,9358186.6,17741150
893,0.5,0.172,10,1215105.6,16526044.4,1847005
894,0.5,0.172,20,1952732.9,15788417.1,3539736
895,0.5,0.172,30,2510395.2,15230754.8,5286171
896,0.5,0.172,40,2802754.8,14938395.2,6739568
897,0.5,0.172,50,3287187.2,14453962.8,8860150
898,0.5,0.172,60,3811149.2,13930000.8,10737216
899,0.5,0.172,70,4336478.1,13404671.9,11805871
900,0.5,0.172,80,4764329.4,12976820.6,13547760
901,0.5,0.172,90,5166818.4,12574331.6,15862643
902,0.5,0.172,100,5514665.7,12226484.3,17483495
903,0.5,0.172,110,6184165.1,11556984.9,17662465
904,0.5,0.172,120,6704032.8,11037117.2,17741150
905,0.5,0.172,130,7319597.1,10421552.9,17741150
906,0.5,0.172,140,7159102.4,10582047.6,17741150
907,0.5,0.172,150,7506700.1,10234449.9,17741150
908,0.5,0.172,160,8002400.7,9738749.3,17741150
909,0.5,0.172,170,7994298.1,9746851.9,17741150
910,0.5,0.172,180,8125538.6,9615611.4,17741150
912,0.5,0.179,10,1340125.9,16401024.1,1862369
913,0.5,0.179,20,1934725.9,15806424.1,3582252
914,0.5,0.179,30,2226556,15514594,5189421
915,0.5,0.179,40,2833783.5,14907366.5,7036820
916,0.5,0.179,50,3428758.2,14312391.8,8792980
917,0.5,0.179,60,3770247,13970903,9913824
918,0.5,0.179,70,4235517,13505633,11694361
919,0.5,0.179,80,4814282.7,12926867.3,13046704
920,0.5,0.179,90,5417628.1,12323521.9,15152004
921,0.5,0.179,100,6070932.5,11670217.5,17179725
922,0.5,0.179,110,6291076.4,11450073.6,17741150
923,0.5,0.179,120,6697158.4,11043991.6,17741150
924,0.5,0.179,130,7026090.3,10715059.7,17741150
925,0.5,0.179,140,7143470.9,10597679.1,17741150
926,0.5,0.179,150,7764615.4,9976534.6,17741150
927,0.5,0.179,160,7442628.8,10298521.2,17741150
928,0.5,0.179,170,8341548.5,9399601.5,17741150
929,0.5,0.179,180,7952773.6,9788376.4,17741150
931,0.5,0.185,10,1251242.7,16489907.3,1859062
932,0.5,0.185,20,1755316.8,15985833.2,3546340
933,0.5,0.185,30,2365540.2,15375609.8,4938996
934,0.5,0.185,40,2779902.9,14961247.1,7301568
935,0.5,0.185,50,3319346.7,14421803.3,8582600
936,0.5,0.185,60,4011981.9,13729168.1,10705398
937,0.5,0.185,70,4425102.3,13316047.7,12991720
938,0.5,0.185,80,4843312.2,12897837.8,14186267
939,0.5,0.185,90,5282996.7,12458153.3,15657290
940,0.5,0.185,100,5769252.4,11971897.6,17061345
941,0.5,0.185,110,6318243.9,11422906.1,17741150
942,0.5,0.185,120,6838479.2,10902670.8,17741150
943,0.5,0.185,130,6740684.1,11000465.9,17741150
944,0.5,0.185,140,7197581.2,10543568.8,17741150
945,0.5,0.185,150,7559929.5,10181220.5,17741150
946,0.5,0.185,160,7703151.5,10037998.5,17741150
947,0.5,0.185,170,7577686.4,10163463.6,17741150
948,0.5,0.185,180,7741028.6,10000121.4,17741150
950,0.5,0.192,10,1190086.7,16551063.3,1875807
951,0.5,0.192,20,1934307.6,15806842.4,3710448
952,0.5,0.192,30,2386723.7,15354426.3,5535096
953,0.5,0.192,40,2605687,15135463,7229744
954,0.5,0.192,50,3435532.8,14305617.2,9050070
955,0.5,0.192,60,3960129.1,13781020.9,11214942
956,0.5,0.192,70,4493747.6,13247402.4,12828417
957,0.5,0.192,80,5165473.4,12575676.6,14109824
958,0.5,0.192,90,5576675.5,12164474.5,16366030
959,0.5,0.192,100,5999544.7,11741605.3,17457245
960,0.5,0.192,110,6230500.5,11510649.5,17741150
961,0.5,0.192,120,6669730.3,11071419.7,17741150
962,0.5,0.192,130,7176498.3,10564651.7,17741150
963,0.5,0.192,140,7224465.5,10516684.5,17741150
964,0.5,0.192,150,7894010.8,9847139.2,17741150
965,0.5,0.192,160,7941210.7,9799939.3,17741150
966,0.5,0.192,170,8347656.4,9393493.6,17741150
967,0.5,0.192,180,8560958.4,9180191.6,17741150
969,0.5,0.208,10,1275234.3,16465915.7,1773647
970,0.5,0.208,20,1868945.6,15872204.4,3595906
971,0.5,0.208,30,2280452.3,15460697.7,5023458
972,0.5,0.208,40,2581188.4,15159961.6,6512656
973,0.5,0.208,50,3093865.2,14647284.8,8612685
974,0.5,0.208,60,3725884.4,14015265.6,10270524
975,0.5,0.208,70,4459773.8,13281376.2,12226963
976,0.5,0.208,80,5101959.7,12639190.3,14863880
977,0.5,0.208,90,5338769.7,12402380.3,16083666
978,0.5,0.208,100,5809611.1,11931538.9,17424135
979,0.5,0.208,110,5972855,11768295,17343267
980,0.5,0.208,120,6972637,10768513,17741150
981,0.5,0.208,130,7155148.1,10586001.9,17741150
982,0.5,0.208,140,7507460.7,10233689.3,17741150
983,0.5,0.208,150,7900275.8,9840874.2,17741150
984,0.5,0.208,160,7905545.2,9835604.8,17741150
985,0.5,0.208,170,7769732.8,9971417.2,17741150
986,0.5,0.208,180,8152127.2,9589022.8,17741150
988,0.5,0.217,10,1300592.6,16440557.4,1853678
989,0.5,0.217,20,1979986.3,15761163.7,3789110
990,0.5,0.217,30,2231527.8,15509622.2,5256192
991,0.5,0.217,40,2969690.9,14771459.1,7282864
992,0.5,0.217,50,3327586.2,14413563.8,8529590
993,0.5,0.217,60,3939193.1,13801956.9,9824472
994,0.5,0.217,70,4437898.5,13303251.5,12171390
995,0.5,0.217,80,5067818.2,12673331.8,14028528
996,0.5,0.217,90,5257091.4,12484058.6,15696009
997,0.5,0.217,100,5891888.8,11849261.2,17070740
998,0.5,0.217,110,6165773,11575377,17741150
999,0.5,0.217,120,6429626.5,11311523.5,17741150
1000,0.5,0.217,130,7279961.3,10461188.7,17741150
1001,0.5,0.217,140,7452986.7,10288163.3,17741150
1002,0.5,0.217,150,7563847.4,10177302.6,17741150
1003,0.5,0.217,160,7475293.1,10265856.9,17741150
1004,0.5,0.217,170,7969795.4,9771354.6,17741150
1005,0.5,0.217,180,7806381.8,9934768.2,17741150
1007,0.5,0.227,10,1229816.3,16511333.7,1885834
1008,0.5,0.227,20,2065595,15675555,3894812
1009,0.5,0.227,30,2503874.3,15237275.7,5707611
1010,0.5,0.227,40,2912040,14829110,7277432
1011,0.5,0.227,50,3225574.1,14515575.9,8475375
1012,0.5,0.227,60,3864138.4,13877011.6,10443726
1013,0.5,0.227,70,4459936,13281214,12511513
1014,0.5,0.227,80,4983702.3,12757447.7,13994520
1015,0.5,0.227,90,5302478.5,12438671.5,16212914
1016,0.5,0.227,100,5507953.4,12233196.6,17547860
1017,0.5,0.227,110,5897117.3,11844032.7,17741150
1018,0.5,0.227,120,6135652.9,11605497.1,17741150
1019,0.5,0.227,130,6945068.3,10796081.7,17741150
1020,0.5,0.227,140,7191002.2,10550147.8,17741150
1021,0.5,0.227,150,7027137.8,10714012.2,17741150
1022,0.5,0.227,160,7502478,10238672,17741150
1023,0.5,0.227,170,7491584,10249566,17741150
1024,0.5,0.227,180,7879794,9861356,17741150
1026,0.5,0.238,10,1288306.6,16452843.4,1829565
1027,0.5,0.238,20,1929998.2,15811151.8,3551926
1028,0.5,0.238,30,2417064.8,15324085.2,5411130
1029,0.5,0.238,40,2787651.3,14953498.7,6625272
1030,0.5,0.238,50,3291144,14450006,8020365
1031,0.5,0.238,60,3813340.8,13927809.2,10270434
1032,0.5,0.238,70,4486352.7,13254797.3,12321288
1033,0.5,0.238,80,4751776.5,12989373.5,13582432
1034,0.5,0.238,90,5442064.4,12299085.6,15384105
1035,0.5,0.238,100,6026910.5,11714239.5,17621250
1036,0.5,0.238,110,6415900,11325250,17741150
1037,0.5,0.238,120,6611513.2,11129636.8,17741150
1038,0.5,0.238,130,7226643.6,10514506.4,17741150
1039,0.5,0.238,140,7217764.5,10523385.5,17741150
1040,0.5,0.238,150,7228525.8,10512624.2,17741150
1041,0.5,0.238,160,7600087.9,10141062.1,17741150
1042,0.5,0.238,170,8214317.8,9526832.2,17741150
1043,0.5,0.238,180,8503906,9237244,17741150
1045,0.6,0.2,10,1340471.9,16400678.1,1877725
1046,0.6,0.2,20,2021097.3,15720052.7,4005214
1047,0.6,0.2,30,2490958.7,15250191.3,5727030
1048,0.6,0.2,40,2524966.7,15216183.3,6993480
1049,0.6,0.2,50,3349269.7,14391880.3,9187105
1050,0.6,0.2,60,3832981.2,13908168.8,10832028
1051,0.6,0.2,70,4356076.1,13385073.9,12075973
1052,0.6,0.2,80,4994510.4,12746639.6,15187979
1053,0.6,0.2,90,5068625.7,12672524.3,16154170
1054,0.6,0.2,100,5926486.6,11814663.4,17498345
1055,0.6,0.2,110,5929510.3,11811639.7,17741150
1056,0.6,0.2,120,6225434.9,11515715.1,17741150
1057,0.6,0.2,130,6645904.1,11095245.9,17741150
1058,0.6,0.2,140,6686256,11054894,17741150
1059,0.6,0.2,150,7103732,10637418,17741150
1060,0.6,0.2,160,7281435.1,10459714.9,17741150
1061,0.6,0.2,170,7463673.5,10277476.5,17741150
1062,0.6,0.2,180,7462819.8,10278330.2,17741150
1064,0.6,0.3,10,1350714.2,16390435.8,1890582
1065,0.6,0.3,20,2090392.2,15650757.8,3789318
1066,0.6,0.3,30,2364072.9,15377077.1,5576841
1067,0.6,0.3,40,2699182.3,15041967.7,7139716
1068,0.6,0.3,50,3281797.7,14459352.3,8724240
1069,0.6,0.3,60,3766853.9,13974296.1,10307736
1070,0.6,0.3,70,4317745.3,13423404.7,12092045
1071,0.6,0.3,80,4635566.4,13105583.6,14131048
1072,0.6,0.3,90,5075203.1,12665946.9,15721809
1073,0.6,0.3,100,5777231.1,11963918.9,17312080
1074,0.6,0.3,110,5949089.8,11792060.2,17741150
1075,0.6,0.3,120,6208690.1,11532459.9,17741150
1076,0.6,0.3,130,6609749.5,11131400.5,17741150
1077,0.6,0.3,140,6986444.8,10754705.2,17741150
1078,0.6,0.3,150,7123109.8,10618040.2,17741150
1079,0.6,0.3,160,7305509.4,10435640.6,17741150
1080,0.6,0.3,170,7758243.5,9982906.5,17741150
1081,0.6,0.3,180,7394849.4,10346300.6,17741150
1083,0.6,0.24,10,1243698.8,16497451.2,1928025
1084,0.6,0.24,20,1715846.3,16025303.7,3759752
1085,0.6,0.24,30,2238700.5,15502449.5,5737779
1086,0.6,0.24,40,2527042.3,15214107.7,7485128
1087,0.6,0.24,50,3080382.3,14660767.7,8779420
1088,0.6,0.24,60,3437455.5,14303694.5,10503432
1089,0.6,0.24,70,4170016.4,13571133.6,12159357
1090,0.6,0.24,80,4700326.5,13040823.5,13935928
1091,0.6,0.24,90,5281103.4,12460046.6,16444311
1092,0.6,0.24,100,5460988,12280162,17329430
1093,0.6,0.24,110,5999891.3,11741258.7,17741150
1094,0.6,0.24,120,6379406.1,11361743.9,17741150
1095,0.6,0.24,130,6644385,11096765,17741150
1096,0.6,0.24,140,6868626.8,10872523.2,17741150
1097,0.6,0.24,150,6636621.2,11104528.8,17741150
1098,0.6,0.24,160,6988281,10752869,17741150
1099,0.6,0.24,170,7164462.5,10576687.5,17741150
1100,0.6,0.24,180,7237165.5,10503984.5,17741150
1102,0.6,0.25,10,1375178.3,16365971.7,2045154
1103,0.6,0.25,20,1906312.2,15834837.8,3654360
1104,0.6,0.25,30,2440249.7,15300900.3,6151512
1105,0.6,0.25,40,3010707.5,14730442.5,7789160
1106,0.6,0.25,50,3146761.4,14594388.6,9223780
1107,0.6,0.25,60,3637219.4,14103930.6,10789788
1108,0.6,0.25,70,4337043.4,13404106.6,12485417
1109,0.6,0.25,80,4540954.4,13200195.6,14152088
1110,0.6,0.25,90,5050913,12690237,16398385
1111,0.6,0.25,100,5422344.5,12318805.5,17179535
1112,0.6,0.25,110,6081537.3,11659612.7,17741150
1113,0.6,0.25,120,6209725,11531425,17741150
1114,0.6,0.25,130,6780782.3,10960367.7,17741150
1115,0.6,0.25,140,6785556.6,10955593.4,17741150
1116,0.6,0.25,150,6984542,10756608,17741150
1117,0.6,0.25,160,7201333.9,10539816.1,17741150
1118,0.6,0.25,170,7258411,10482739,17741150
1119,0.6,0.25,180,7076631.1,10664518.9,17741150
1121,0.6,0.207,10,1257676.3,16483473.7,1919700
1122,0.6,0.207,20,2147276.3,15593873.7,3956642
1123,0.6,0.207,30,2309856.3,15431293.7,5861463
1124,0.6,0.207,40,2786923.3,14954226.7,7406600
1125,0.6,0.207,50,3133361.3,14607788.7,8977540
1126,0.6,0.207,60,3713421.8,14027728.2,11024532
1127,0.6,0.207,70,4067340,13673810,12820955
1128,0.6,0.207,80,4685160,13055990,14116912
1129,0.6,0.207,90,4924725.6,12816424.4,16268579
1130,0.6,0.207,100,5495074.6,12246075.4,17474485
1131,0.6,0.207,110,5994777.5,11746372.5,17713318
1132,0.6,0.207,120,6331997.2,11409152.8,17741150
1133,0.6,0.207,130,6719066.7,11022083.3,17741150
1134,0.6,0.207,140,6830482.4,10910667.6,17741150
1135,0.6,0.207,150,6966599.8,10774550.2,17741150
1136,0.6,0.207,160,7096015.1,10645134.9,17741150
1137,0.6,0.207,170,7489340.4,10251809.6,17741150
1138,0.6,0.207,180,7159487.7,10581662.3,17741150
1140,0.6,0.214,10,1312609.8,16428540.2,1860764
1141,0.6,0.214,20,1927557.1,15813592.9,3708982
1142,0.6,0.214,30,2397430.9,15343719.1,5501724
1143,0.6,0.214,40,2641216.3,15099933.7,7202432
1144,0.6,0.214,50,3029630.6,14711519.4,8677055
1145,0.6,0.214,60,3687284.5,14053865.5,11029512
1146,0.6,0.214,70,4067376.8,13673773.2,12555004
1147,0.6,0.214,80,4684964.9,13056185.1,14196600
1148,0.6,0.214,90,5015937.7,12725212.3,15281360
1149,0.6,0.214,100,5530573.5,12210576.5,17595105
1150,0.6,0.214,110,5954890.2,11786259.8,17741150
1151,0.6,0.214,120,6252291.4,11488858.6,17741150
1152,0.6,0.214,130,6723063.4,11018086.6,17741150
1153,0.6,0.214,140,6748855.1,10992294.9,17741150
1154,0.6,0.214,150,6434434.6,11306715.4,17741150
1155,0.6,0.214,160,7201814.5,10539335.5,17741150
1156,0.6,0.214,170,7233068.1,10508081.9,17741150
1157,0.6,0.214,180,7405687.2,10335462.8,17741150
1159,0.6,0.222,10,1305555.7,16435594.3,2023538
1160,0.6,0.222,20,1957741.5,15783408.5,3889374
1161,0.6,0.222,30,2230011.2,15511138.8,5498784
1162,0.6,0.222,40,2853314.8,14887835.2,7550388
1163,0.6,0.222,50,3060347.8,14680802.2,8767075
1164,0.6,0.222,60,3597330,14143820,10738860
1165,0.6,0.222,70,4320612.1,13420537.9,12734904
1166,0.6,0.222,80,4898707.3,12842442.7,14375240
1167,0.6,0.222,90,5432896.8,12308253.2,16409978
1168,0.6,0.222,100,5595514.6,12145635.4,17620075
1169,0.6,0.222,110,6119499.7,11621650.3,17741150
1170,0.6,0.222,120,6627611,11113539,17741150
1171,0.6,0.222,130,6677973.6,11063176.4,17741150
1172,0.6,0.222,140,7266800.7,10474349.3,17741150
1173,0.6,0.222,150,7449096.1,10292053.9,17741150
1174,0.6,0.222,160,7222500.5,10518649.5,17741150
1175,0.6,0.222,170,7518836.2,10222313.8,17741150
1176,0.6,0.222,180,7851581.4,9889568.6,17741150
1178,0.6,0.231,10,1325818.3,16415331.7,2090633
1179,0.6,0.231,20,1675395.6,16065754.4,3653682
1180,0.6,0.231,30,2175810,15565340,5744736
1181,0.6,0.231,40,2843342.4,14897807.6,7581448
1182,0.6,0.231,50,3162453.7,14578696.3,9033455
1183,0.6,0.231,60,3538636.8,14202513.2,10439070
1184,0.6,0.231,70,3911395.7,13829754.3,12462373
1185,0.6,0.231,80,4191341.7,13549808.3,15059507
1186,0.6,0.231,90,4891275.2,12849874.8,16321732
1187,0.6,0.231,100,5115279.7,12625870.3,17598665
1188,0.6,0.231,110,5646699.2,12094450.8,17741150
1189,0.6,0.231,120,6268019.5,11473130.5,17741150
1190,0.6,0.231,130,6112921.7,11628228.3,17741150
1191,0.6,0.231,140,6285939.1,11455210.9,17741150
1192,0.6,0.231,150,6258520.7,11482629.3,17741150
1193,0.6,0.231,160,7021892.6,10719257.4,17741150
1194,0.6,0.231,170,6838377.9,10902772.1,17741150
1195,0.6,0.231,180,6393842.8,11347307.2,17741150
1197,0.6,0.261,10,1284176.1,16456973.9,1978434
1198,0.6,0.261,20,1870445.3,15870704.7,4149950
1199,0.6,0.261,30,2357636,15383514,5844690
1200,0.6,0.261,40,2564002.6,15177147.4,7781172
1201,0.6,0.261,50,3183920.7,14557229.3,9475495
1202,0.6,0.261,60,3596960.1,14144189.9,11178186
1203,0.6,0.261,70,3835180.1,13905969.9,13422752
1204,0.6,0.261,80,4375844,13365306,13893104
1205,0.6,0.261,90,5083109,12658041,16793421
1206,0.6,0.261,100,5575569.3,12165580.7,17568395
1207,0.6,0.261,110,5902057,11839093,17733459
1208,0.6,0.261,120,6363317.8,11377832.2,17741150
1209,0.6,0.261,130,6711657.6,11029492.4,17741150
1210,0.6,0.261,140,6414181,11326969,17741150
1211,0.6,0.261,150,6700971.9,11040178.1,17741150
1212,0.6,0.261,160,7530898,10210252,17741150
1213,0.6,0.261,170,6276597.3,11464552.7,17741150
1214,0.6,0.261,180,7843950.8,9897199.2,17741150
1216,0.6,0.273,10,1306301.3,16434848.7,1968491
1217,0.6,0.273,20,2115714.9,15625435.1,3823208
1218,0.6,0.273,30,2425865.2,15315284.8,5468007
1219,0.6,0.273,40,2751536.9,14989613.1,7353492
1220,0.6,0.273,50,3100131.3,14641018.7,8757815
1221,0.6,0.273,60,3957541.9,13783608.1,10602216
1222,0.6,0.273,70,4192698.6,13548451.4,13139791
1223,0.6,0.273,80,4567752.8,13173397.2,13852080
1224,0.6,0.273,90,5088273.4,12652876.6,16190198
1225,0.6,0.273,100,5435914.1,12305235.9,17521525
1226,0.6,0.273,110,6058787.5,11682362.5,17741150
1227,0.6,0.273,120,6584635.8,11156514.2,17741150
1228,0.6,0.273,130,6539363,11201787,17741150
1229,0.6,0.273,140,6763290.4,10977859.6,17741150
1230,0.6,0.273,150,7097880.8,10643269.2,17741150
1231,0.6,0.273,160,7136272.6,10604877.4,17741150
1232,0.6,0.273,170,7455119.5,10286030.5,17741150
1233,0.6,0.273,180,7471183,10269967,17741150
1235,0.6,0.286,10,1289865.2,16451284.8,2008465
1236,0.6,0.286,20,1749682.3,15991467.7,3832980
1237,0.6,0.286,30,2405701.1,15335448.9,5754882
1238,0.6,0.286,40,2763283.9,14977866.1,6901276
1239,0.6,0.286,50,3233469.5,14507680.5,9566900
1240,0.6,0.286,60,3529938.2,14211211.8,11167278
1241,0.6,0.286,70,4129108.5,13612041.5,13120219
1242,0.6,0.286,80,4439330.6,13301819.4,14363811
1243,0.6,0.286,90,4875882.7,12865267.3,15879842
1244,0.6,0.286,100,5506271.3,12234878.7,17223040
1245,0.6,0.286,110,5722975.6,12018174.4,17741150
1246,0.6,0.286,120,6110143.9,11631006.1,17741150
1247,0.6,0.286,130,6421730.2,11319419.8,17741150
1248,0.6,0.286,140,7003833.8,10737316.2,17741150
1249,0.6,0.286,150,6995415.2,10745734.8,17741150
1250,0.6,0.286,160,7059130.1,10682019.9,17741150
1251,0.6,0.286,170,7285132.7,10456017.3,17741150
1252,0.6,0.286,180,6610403,11130747,17741150
1254,0.7,0.25,10,1311676.7,16429473.3,2050739
1255,0.7,0.25,20,1895987,15845163,3843812
1256,0.7,0.25,30,2205158.3,15535991.7,5909412
1257,0.7,0.25,40,2625121.8,15116028.2,7407428
1258,0.7,0.25,50,3034434.2,14706715.8,9456205
1259,0.7,0.25,60,3565231.9,14175918.1,10825680
1260,0.7,0.25,70,4049041.4,13692108.6,13318998
1261,0.7,0.25,80,4418093.9,13323056.1,14423587
1262,0.7,0.25,90,4592799.1,13148350.9,15690103
1263,0.7,0.25,100,5241663.4,12499486.6,17659140
1264,0.7,0.25,110,5508021.5,12233128.5,17741150
1265,0.7,0.25,120,6018418.6,11722731.4,17741150
1266,0.7,0.25,130,6395216.5,11345933.5,17741150
1267,0.7,0.25,140,6387170,11353980,17741150
1268,0.7,0.25,150,6315588.1,11425561.9,17741150
1269,0.7,0.25,160,6411550.8,11329599.2,17741150
1270,0.7,0.25,170,6553571,11187579,17741150
1271,0.7,0.25,180,6117926.1,11623223.9,17741150
1273,0.7,0.28,10,1388734.8,16352415.2,2001993
1274,0.7,0.28,20,1935117.4,15806032.6,4106152
1275,0.7,0.28,30,2404597.5,15336552.5,6034047
1276,0.7,0.28,40,2541208.2,15199941.8,7733092
1277,0.7,0.28,50,3114261,14626889,9082345
1278,0.7,0.28,60,3514645.3,14226504.7,10490880
1279,0.7,0.28,70,3898512,13842638,11748779
1280,0.7,0.28,80,4414963.5,13326186.5,13707600
1281,0.7,0.28,90,4886544.3,12854605.7,15964189
1282,0.7,0.28,100,5375460.6,12365689.4,17455725
1283,0.7,0.28,110,5662552.3,12078597.7,17741150
1284,0.7,0.28,120,6072615.3,11668534.7,17741150
1285,0.7,0.28,130,6444821.1,11296328.9,17741150
1286,0.7,0.28,140,6762752.8,10978397.2,17741150
1287,0.7,0.28,150,6947547.2,10793602.8,17741150
1288,0.7,0.28,160,6737863.8,11003286.2,17741150
1289,0.7,0.28,170,6674164.4,11066985.6,17741150
1290,0.7,0.28,180,7415181.8,10325968.2,17741150
1292,0.7,0.35,10,1323189.9,16417960.1,1886298
1293,0.7,0.35,20,1917454.9,15823695.1,4160776
1294,0.7,0.35,30,2349909.5,15391240.5,5974182
1295,0.7,0.35,40,2417880.5,15323269.5,7507224
1296,0.7,0.35,50,2920920.6,14820229.4,9646405
1297,0.7,0.35,60,3416882,14324268,11161710
1298,0.7,0.35,70,3982292.4,13758857.6,12704580
1299,0.7,0.35,80,4208976.8,13532173.2,14917571
1300,0.7,0.35,90,4814892.3,12926257.7,16108494
1301,0.7,0.35,100,5315415.1,12425734.9,17483890
1302,0.7,0.35,110,5770554.1,11970595.9,17297650
1303,0.7,0.35,120,5761843.6,11979306.4,17741150
1304,0.7,0.35,130,5939059.3,11802090.7,17741150
1305,0.7,0.35,140,6260711.6,11480438.4,17741150
1306,0.7,0.35,150,6914992.7,10826157.3,17741150
1307,0.7,0.35,160,7218666.2,10522483.8,17741150
1308,0.7,0.35,170,7176145.1,10565004.9,17741150
1309,0.7,0.35,180,6967854.7,10773295.3,17741150
1311,0.7,0.233,10,1298404,16442746,2028049
1312,0.7,0.233,20,1791039.6,15950110.4,3934264
1313,0.7,0.233,30,2150920,15590230,5701554
1314,0.7,0.233,40,2702969.3,15038180.7,7581264
1315,0.7,0.233,50,3234550.6,14506599.4,9350695
1316,0.7,0.233,60,3607057.3,14134092.7,10934082
1317,0.7,0.233,70,4046579.6,13694570.4,13594161
1318,0.7,0.233,80,4163525.2,13577624.8,15089619
1319,0.7,0.233,90,4806757.8,12934392.2,16512451
1320,0.7,0.233,100,5247492,12493658,17471485
1321,0.7,0.233,110,5686371.3,12054778.7,17741150
1322,0.7,0.233,120,5863117.8,11878032.2,17741150
1323,0.7,0.233,130,6307837.7,11433312.3,17741150
1324,0.7,0.233,140,6126111.5,11615038.5,17741150
1325,0.7,0.233,150,6815871.3,10925278.7,17741150
1326,0.7,0.233,160,6801656.5,10939493.5,17741150
1327,0.7,0.233,170,6856530.4,10884619.6,17741150
1328,0.7,0.233,180,6886565.7,10854584.3,17741150
1330,0.7,0.241,10,1375221.9,16365928.1,2097145
1331,0.7,0.241,20,1923956.2,15817193.8,4284550
1332,0.7,0.241,30,2346255.5,15394894.5,5831310
1333,0.7,0.241,40,2573939.7,15167210.3,7675408
1334,0.7,0.241,50,2941587.1,14799562.9,9186745
1335,0.7,0.241,60,3493734.1,14247415.9,11549442
1336,0.7,0.241,70,4124552,13616598,12575983
1337,0.7,0.241,80,4365294,13375856,15031515
1338,0.7,0.241,90,4643936.5,13097213.5,16309267
1339,0.7,0.241,100,5252354.1,12488795.9,17550500
1340,0.7,0.241,110,5736078.4,12005071.6,17741150
1341,0.7,0.241,120,5502345.2,12238804.8,17741150
1342,0.7,0.241,130,5938225.3,11802924.7,17741150
1343,0.7,0.241,140,6051077.1,11690072.9,17741150
1344,0.7,0.241,150,6471081.6,11270068.4,17741150
1345,0.7,0.241,160,6574283,11166867,17741150
1346,0.7,0.241,170,6467038,11274112,17741150
1347,0.7,0.241,180,6960028.7,10781121.3,17741150
1349,0.7,0.259,10,1402138,16339012,2116331
1350,0.7,0.259,20,1726862.6,16014287.4,4050960
1351,0.7,0.259,30,1895266.3,15845883.7,5567880
1352,0.7,0.259,40,2586588.5,15154561.5,7515016
1353,0.7,0.259,50,3030423.9,14710726.1,10151050
1354,0.7,0.259,60,3507580,14233570,11275524
1355,0.7,0.259,70,3959136.9,13782013.1,13603324
1356,0.7,0.259,80,4461894.6,13279255.4,14913899
1357,0.7,0.259,90,4947525.6,12793624.4,16963143
1358,0.7,0.259,100,5234658.7,12506491.3,17528120
1359,0.7,0.259,110,5588725.7,12152424.3,17741150
1360,0.7,0.259,120,5871158.6,11869991.4,17741150
1361,0.7,0.259,130,5988628.7,11752521.3,17741150
1362,0.7,0.259,140,6800249.9,10940900.1,17741150
1363,0.7,0.259,150,6342706.9,11398443.1,17741150
1364,0.7,0.259,160,6467357.3,11273792.7,17741150
1365,0.7,0.259,170,6278106.4,11463043.6,17741150
1366,0.7,0.259,180,6408719.4,11332430.6,17741150
1368,0.7,0.269,10,1373191.1,16367958.9,2099184
1369,0.7,0.269,20,1916875.7,15824274.3,4198254
1370,0.7,0.269,30,2387028.2,15354121.8,5863404
1371,0.7,0.269,40,2711254.5,15029895.5,8055868
1372,0.7,0.269,50,2850064,14891086,9246735
1373,0.7,0.269,60,3368633,14372517,11408856
1374,0.7,0.269,70,3492070.9,14249079.1,13255452
1375,0.7,0.269,80,4373454.4,13367695.6,15098696
1376,0.7,0.269,90,4609581.3,13131568.7,16830669
1377,0.7,0.269,100,5206118.2,12535031.8,17589485
1378,0.7,0.269,110,5748071.8,11993078.2,17741150
1379,0.7,0.269,120,5803529.2,11937620.8,17741150
1380,0.7,0.269,130,6017913.7,11723236.3,17741150
1381,0.7,0.269,140,6451022,11290128,17741150
1382,0.7,0.269,150,6235415.4,11505734.6,17741150
1383,0.7,0.269,160,6376903.5,11364246.5,17741150
1384,0.7,0.269,170,6359704,11381446,17741150
1385,0.7,0.269,180,6586610.2,11154539.8,17741150
1387,0.7,0.292,10,1228459.5,16512690.5,2051075
1388,0.7,0.292,20,1685019,16056131,4032628
1389,0.7,0.292,30,1923829.7,15817320.3,5948541
1390,0.7,0.292,40,2536991.9,15204158.1,7764532
1391,0.7,0.292,50,2905186.6,14835963.4,9480525
1392,0.7,0.292,60,3325180.1,14415969.9,10640820
1393,0.7,0.292,70,3867053.8,13874096.2,12766768
1394,0.7,0.292,80,4344898.3,13396251.7,15093640
1395,0.7,0.292,90,4887159.5,12853990.5,16328185
1396,0.7,0.292,100,5190555.8,12550594.2,17469120
1397,0.7,0.292,110,5789198.1,11951951.9,17741150
1398,0.7,0.292,120,6037817,11703333,17741150
1399,0.7,0.292,130,6461226.6,11279923.4,17741150
1400,0.7,0.292,140,6777038.7,10964111.3,17741150
1401,0.7,0.292,150,6756027.5,10985122.5,17741150
1402,0.7,0.292,160,6507792.8,11233357.2,17741150
1403,0.7,0.292,170,6951687,10789463,17741150
1404,0.7,0.292,180,6737447.4,11003702.6,17741150
1406,0.7,0.304,10,1323278.6,16417871.4,2013120
1407,0.7,0.304,20,1909598.9,15831551.1,3946388
1408,0.7,0.304,30,2027307.8,15713842.2,5844117
1409,0.7,0.304,40,2460060.2,15281089.8,7800220
1410,0.7,0.304,50,2993281.1,14747868.9,9196190
1411,0.7,0.304,60,3302591,14438559,10982394
1412,0.7,0.304,70,4033236.5,13707913.5,12455030
1413,0.7,0.304,80,4305980.5,13435169.5,14422712
1414,0.7,0.304,90,4679594.5,13061555.5,15685335
1415,0.7,0.304,100,5219629.1,12521520.9,17639360
1416,0.7,0.304,110,5437233.8,12303916.2,17741150
1417,0.7,0.304,120,6010342.7,11730807.3,17741150
1418,0.7,0.304,130,6041397,11699753,17741150
1419,0.7,0.304,140,5978053.2,11763096.8,17741150
1420,0.7,0.304,150,6626233,11114917,17741150
1421,0.7,0.304,160,6793200.5,10947949.5,17741150
1422,0.7,0.304,170,6420985.3,11320164.7,17741150
1423,0.7,0.304,180,7104038.9,10637111.1,17741150
1425,0.7,0.318,10,1278482.6,16462667.4,2088012
1426,0.7,0.318,20,1907712,15833438,4030924
1427,0.7,0.318,30,1935258.8,15805891.2,5667852
1428,0.7,0.318,40,2497682.5,15243467.5,7780632
1429,0.7,0.318,50,3054485.4,14686664.6,9380585
1430,0.7,0.318,60,3460631.7,14280518.3,11615298
1431,0.7,0.318,70,4031952.2,13709197.8,12653781
1432,0.7,0.318,80,4553190.4,13187959.6,14792648
1433,0.7,0.318,90,4896626.8,12844523.2,16682666
1434,0.7,0.318,100,5278317.4,12462832.6,17488720
1435,0.7,0.318,110,5367028.7,12374121.3,17741150
1436,0.7,0.318,120,5894254.3,11846895.7,17741150
1437,0.7,0.318,130,5985714.5,11755435.5,17741150
1438,0.7,0.318,140,6113586.6,11627563.4,17741150
1439,0.7,0.318,150,6309837.1,11431312.9,17741150
1440,0.7,0.318,160,6962810.8,10778339.2,17741150
1441,0.7,0.318,170,7101841.3,10639308.7,17741150
1442,0.7,0.318,180,7039220.3,10701929.7,17741150
1444,0.7,0.333,10,1290567.7,16450582.3,2002044
1445,0.7,0.333,20,1889864.8,15851285.2,4107624
1446,0.7,0.333,30,1938759,15802391,5744469
1447,0.7,0.333,40,2489323.4,15251826.6,7849404
1448,0.7,0.333,50,2963708.1,14777441.9,8952900
1449,0.7,0.333,60,3220306.6,14520843.4,11851098
1450,0.7,0.333,70,3963239.2,13777910.8,13921236
1451,0.7,0.333,80,4124721.3,13616428.7,14797059
1452,0.7,0.333,90,4824831.1,12916318.9,16769210
1453,0.7,0.333,100,5391994.1,12349155.9,17476250
1454,0.7,0.333,110,5675305.8,12065844.2,17741150
1455,0.7,0.333,120,5905653.9,11835496.1,17741150
1456,0.7,0.333,130,6094469.3,11646680.7,17741150
1457,0.7,0.333,140,6447118.6,11294031.4,17741150
1458,0.7,0.333,150,6413063.1,11328086.9,17741150
1459,0.7,0.333,160,6504809,11236341,17741150
1460,0.7,0.333,170,6832659.1,10908490.9,17741150
1461,0.7,0.333,180,7461167.7,10279982.3,17741150
1463,0.8,0.4,10,1454764.9,16286385.1,2164057
1464,0.8,0.4,20,1862245.5,15878904.5,4169870
1465,0.8,0.4,30,1987557,15753593,6024654
1466,0.8,0.4,40,2326889,15414261,7380932
1467,0.8,0.4,50,2975210.9,14765939.1,9826890
1468,0.8,0.4,60,3428966.4,14312183.6,10906656
1469,0.8,0.4,70,3948136.1,13793013.9,13212640
1470,0.8,0.4,80,4328455,13412695,15833649
1471,0.8,0.4,90,4594571.2,13146578.8,16727605
1472,0.8,0.4,100,5090244.9,12650905.1,17045520
1473,0.8,0.4,110,5293474.1,12447675.9,17741150
1474,0.8,0.4,120,5707723.5,12033426.5,17741150
1475,0.8,0.4,130,5790505.1,11950644.9,17741150
1476,0.8,0.4,140,6029886.4,11711263.6,17741150
1477,0.8,0.4,150,6153084.6,11588065.4,17741150
1478,0.8,0.4,160,6374897.9,11366252.1,17741150
1479,0.8,0.4,170,6589434.9,11151715.1,17741150
1480,0.8,0.4,180,5812647.9,11928502.1,17741150
1482,0.8,0.32,10,1251307.6,16489842.4,2031080
1483,0.8,0.32,20,1907770.3,15833379.7,3986650
1484,0.8,0.32,30,2172172.5,15568977.5,5865759
1485,0.8,0.32,40,2589924.2,15151225.8,7891480
1486,0.8,0.32,50,2801743.6,14939406.4,9619520
1487,0.8,0.32,60,3383222.5,14357927.5,11066400
1488,0.8,0.32,70,3438089.4,14303060.6,13656685
1489,0.8,0.32,80,4094395.1,13646754.9,14923995
1490,0.8,0.32,90,4454396,13286754,16841571
1491,0.8,0.32,100,5021165.2,12719984.8,17499715
1492,0.8,0.32,110,5475606.9,12265543.1,17740191
1493,0.8,0.32,120,5773327.3,11967822.7,17741150
1494,0.8,0.32,130,5903987.5,11837162.5,17741150
1495,0.8,0.32,140,5858134.4,11883015.6,17741150
1496,0.8,0.32,150,6059648.5,11681501.5,17741150
1497,0.8,0.32,160,5936085.1,11805064.9,17741150
1498,0.8,0.32,170,6079680.4,11661469.6,17741150
1499,0.8,0.32,180,6009055.9,11732094.1,17741150
1501,0.8,0.267,10,1361771,16379379,2081001
1502,0.8,0.267,20,1787470.4,15953679.6,3758690
1503,0.8,0.267,30,2137723.3,15603426.7,5705970
1504,0.8,0.267,40,2553165.7,15187984.3,7575460
1505,0.8,0.267,50,3013533.2,14727616.8,9729805
1506,0.8,0.267,60,3267192.5,14473957.5,11081940
1507,0.8,0.267,70,3681250.9,14059899.1,13497673
1508,0.8,0.267,80,4180015,13561135,15494678
1509,0.8,0.267,90,4690774.9,13050375.1,16642898
1510,0.8,0.267,100,5059281.4,12681868.6,17732495
1511,0.8,0.267,110,5241780.6,12499369.4,17741150
1512,0.8,0.267,120,5682192.9,12058957.1,17741150
1513,0.8,0.267,130,6043313.2,11697836.8,17741150
1514,0.8,0.267,140,6348451.3,11392698.7,17741150
1515,0.8,0.267,150,6215551.6,11525598.4,17741150
1516,0.8,0.267,160,6501274.1,11239875.9,17741150
1517,0.8,0.267,170,6471870,11269280,17741150
1518,0.8,0.267,180,6765623.6,10975526.4,17741150
1520,0.8,0.276,10,1412709.8,16328440.2,2060911
1521,0.8,0.276,20,1878874.5,15862275.5,4147204
1522,0.8,0.276,30,1995860.1,15745289.9,5424015
1523,0.8,0.276,40,2472795.6,15268354.4,7658964
1524,0.8,0.276,50,3168981,14572169,9577130
1525,0.8,0.276,60,3271091.5,14470058.5,10874910
1526,0.8,0.276,70,3940025.4,13801124.6,13008436
1527,0.8,0.276,80,4285871.3,13455278.7,14378448
1528,0.8,0.276,90,4594384.2,13146765.8,16373358
1529,0.8,0.276,100,5221851.8,12519298.2,17547480
1530,0.8,0.276,110,5142603.2,12598546.8,17741150
1531,0.8,0.276,120,5855278.1,11885871.9,17741150
1532,0.8,0.276,130,6348791.5,11392358.5,17741150
1533,0.8,0.276,140,5940503.7,11800646.3,17741150
1534,0.8,0.276,150,6332150.6,11408999.4,17741150
1535,0.8,0.276,160,6067919.1,11673230.9,17741150
1536,0.8,0.276,170,6474320.9,11266829.1,17741150
1537,0.8,0.276,180,6912396.3,10828753.7,17741150
1539,0.8,0.286,10,1384072.3,16357077.7,2110546
1540,0.8,0.286,20,1970797.8,15770352.2,4176598
1541,0.8,0.286,30,2132065.2,15609084.8,5612748
1542,0.8,0.286,40,2712045.9,15029104.1,8214752
1543,0.8,0.286,50,2865511.3,14875638.7,9425100
1544,0.8,0.286,60,3215418.7,14525731.3,11448234
1545,0.8,0.286,70,3934364.6,13806785.4,12773712
1546,0.8,0.286,80,4007436.4,13733713.6,14891566
1547,0.8,0.286,90,4852622.9,12888527.1,16399831
1548,0.8,0.286,100,5247061.2,12494088.8,17713050
1549,0.8,0.286,110,4870388.2,12870761.8,17741150
1550,0.8,0.286,120,5502887.1,12238262.9,17741150
1551,0.8,0.286,130,6050543.8,11690606.2,17741150
1552,0.8,0.286,140,5906640.1,11834509.9,17741150
1553,0.8,0.286,150,5974598,11766552,17741150
1554,0.8,0.286,160,6330862.2,11410287.8,17741150
1555,0.8,0.286,170,6352617.4,11388532.6,17741150
1556,0.8,0.286,180,6673163.1,11067986.9,17741150
1558,0.8,0.296,10,1387685.2,16353464.8,2191610
1559,0.8,0.296,20,2074833.8,15666316.2,4434944
1560,0.8,0.296,30,2131951.2,15609198.8,5961276
1561,0.8,0.296,40,2288113.2,15453036.8,7824564
1562,0.8,0.296,50,2838752.7,14902397.3,9398140
1563,0.8,0.296,60,3246951.5,14494198.5,10834050
1564,0.8,0.296,70,3826012.5,13915137.5,13736205
1565,0.8,0.296,80,4158121.9,13583028.1,14543179
1566,0.8,0.296,90,4551534.8,13189615.2,15930512
1567,0.8,0.296,100,4789758.9,12951391.1,17661805
1568,0.8,0.296,110,5150668.9,12590481.1,17741150
1569,0.8,0.296,120,5425655.5,12315494.5,17741150
1570,0.8,0.296,130,5859826.1,11881323.9,17741150
1571,0.8,0.296,140,6057261.5,11683888.5,17741150
1572,0.8,0.296,150,6170464.6,11570685.4,17741150
1573,0.8,0.296,160,6004628.7,11736521.3,17741150
1574,0.8,0.296,170,6460747.1,11280402.9,17741150
1575,0.8,0.296,180,6538128.3,11203021.7,17741150
1577,0.8,0.308,10,1409665,16331485,2266001
1578,0.8,0.308,20,1727637.7,16013512.3,4275060
1579,0.8,0.308,30,2152645.7,15588504.3,6309750
1580,0.8,0.308,40,2425922.8,15315227.2,7636064
1581,0.8,0.308,50,2844995.9,14896154.1,10114390
1582,0.8,0.308,60,3039667.6,14701482.4,12221106
1583,0.8,0.308,70,3607954.8,14133195.2,13752515
1584,0.8,0.308,80,3800110.2,13941039.8,15606619
1585,0.8,0.308,90,4504958.7,13236191.3,16380374
1586,0.8,0.308,100,4888190.6,12852959.4,17503010
1587,0.8,0.308,110,4873853.5,12867296.5,17731039
1588,0.8,0.308,120,5306949.1,12434200.9,17741150
1589,0.8,0.308,130,5390039.9,12351110.1,17741150
1590,0.8,0.308,140,6069313.4,11671836.6,17741150
1591,0.8,0.308,150,5865337.1,11875812.9,17741150
1592,0.8,0.308,160,6157763.8,11583386.2,17741150
1593,0.8,0.308,170,5980961.4,11760188.6,17741150
1594,0.8,0.308,180,6010482.8,11730667.2,17741150
1595,0.8,0.333,190,5736591.6,12004558.4,17741150
1596,0.8,0.333,10,1402612.1,16338537.9,2166107
1597,0.8,0.333,20,1716790.5,16024359.5,4170598
1598,0.8,0.333,30,1990051.7,15751098.3,5935956
1599,0.8,0.333,40,2397959.9,15343190.1,7989040
1600,0.8,0.333,50,2877462.3,14863687.7,9711365
1601,0.8,0.333,60,3099216.5,14641933.5,11865954
1602,0.8,0.333,70,3775941.3,13965208.7,13085884
1603,0.8,0.333,80,4228779.6,13512370.4,15256467
1604,0.8,0.333,90,4461951.9,13279198.1,16026604
1605,0.8,0.333,100,4963246.8,12777903.2,17731935
1606,0.8,0.333,110,5229986.7,12511163.3,17741150
1607,0.8,0.333,120,5584716.8,12156433.2,17741150
1608,0.8,0.333,130,5739945.7,12001204.3,17741150
1609,0.8,0.333,140,5574181.5,12166968.5,17741150
1610,0.8,0.333,150,6141025.8,11600124.2,17741150
1611,0.8,0.333,160,5990709.2,11750440.8,17741150
1612,0.8,0.333,170,6208606.4,11532543.6,17741150
1613,0.8,0.333,180,7004980.9,10736169.1,17741150
1615,0.8,0.348,10,1373937.8,16367212.2,2028270
1616,0.8,0.348,20,1904614.5,15836535.5,4375812
1617,0.8,0.348,30,2327191.7,15413958.3,6209913
1618,0.8,0.348,40,2572749.3,15168400.7,8046072
1619,0.8,0.348,50,2757991.1,14983158.9,9430415
1620,0.8,0.348,60,3390540.5,14350609.5,11108028
1621,0.8,0.348,70,3824653.3,13916496.7,13097210
1622,0.8,0.348,80,4137653.9,13603496.1,15825523
1623,0.8,0.348,90,4676472.1,13064677.9,16724345
1624,0.8,0.348,100,5224837.7,12516312.3,17591475
1625,0.8,0.348,110,5479673.6,12261476.4,17741150
1626,0.8,0.348,120,6017520.7,11723629.3,17741150
1627,0.8,0.348,130,5357285,12383865,17741150
1628,0.8,0.348,140,6318373.7,11422776.3,17741150
1629,0.8,0.348,150,5636552.3,12104597.7,17741150
1630,0.8,0.348,160,6528299.9,11212850.1,17741150
1631,0.8,0.348,170,6663559.6,11077590.4,17741150
1632,0.8,0.348,180,6407507,11333643,17741150
1634,0.8,0.364,10,1335894.8,16405255.2,2273526
1635,0.8,0.364,20,1867777.4,15873372.6,4316002
1636,0.8,0.364,30,2325135.2,15416014.8,6317217
1637,0.8,0.364,40,2251647.8,15489502.2,8735268
1638,0.8,0.364,50,2710784.9,15030365.1,9931495
1639,0.8,0.364,60,3079517.4,14661632.6,12173754
1640,0.8,0.364,70,3647613.9,14093536.1,14736428
1641,0.8,0.364,80,4100076.6,13641073.4,16396929
1642,0.8,0.364,90,4671201.9,13069948.1,16738098
1643,0.8,0.364,100,4943119.3,12798030.7,17732315
1644,0.8,0.364,110,5034038.4,12707111.6,17741150
1645,0.8,0.364,120,5082437.1,12658712.9,17741150
1646,0.8,0.364,130,5560924,12180226,17741150
1647,0.8,0.364,140,5487902.1,12253247.9,17741150
1648,0.8,0.364,150,6261450.2,11479699.8,17741150
1649,0.8,0.364,160,6044540.7,11696609.3,17741150
1650,0.8,0.364,170,5450948.5,12290201.5,17741150
1651,0.8,0.364,180,6255662.1,11485487.9,17741150
1653,0.8,0.381,10,1362990.6,16378159.4,2045844
1654,0.8,0.381,20,1918623.9,15822526.1,4052190
1655,0.8,0.381,30,2309549.2,15431600.8,6083916
1656,0.8,0.381,40,2510874.4,15230275.6,7777116
1657,0.8,0.381,50,2848543.6,14892606.4,9974650
1658,0.8,0.381,60,3530410.4,14210739.6,11249544
1659,0.8,0.381,70,3812641.1,13928508.9,12984027
1660,0.8,0.381,80,4262396.9,13478753.1,15179995
1661,0.8,0.381,90,4620895.6,13120254.4,16612494
1662,0.8,0.381,100,5091471.1,12649678.9,17648645
1663,0.8,0.381,110,5548251.4,12192898.6,17741150
1664,0.8,0.381,120,5722004.9,12019145.1,17741150
1665,0.8,0.381,130,5550780.7,12190369.3,17552294
1666,0.8,0.381,140,6162525.9,11578624.1,17741150
1667,0.8,0.381,150,6416159.7,11324990.3,17741150
1668,0.8,0.381,160,6399976.7,11341173.3,17741150
1669,0.8,0.381,170,6440959.1,11300190.9,17741150
1670,0.8,0.381,180,6505401.6,11235748.4,17741150
1672,0.9,0.3,10,1325154.8,16415995.2,2086679
1673,0.9,0.3,20,1859302.6,15881847.4,4425974
1674,0.9,0.3,30,2327932.9,15413217.1,6131688
1675,0.9,0.3,40,2328062.2,15413087.8,8199168
1676,0.9,0.3,50,2721991.6,15019158.4,9517875
1677,0.9,0.3,60,3089398.4,14651751.6,12014712
1678,0.9,0.3,70,3693344.4,14047805.6,14480977
1679,0.9,0.3,80,4146613.1,13594536.9,15461915
1680,0.9,0.3,90,4070702.6,13670447.4,16802015
1681,0.9,0.3,100,4882525.5,12858624.5,17692825
1682,0.9,0.3,110,5151551.9,12589598.1,17741150
1683,0.9,0.3,120,5517795.8,12223354.2,17741150
1684,0.9,0.3,130,5423501.9,12317648.1,17741150
1685,0.9,0.3,140,5521819.7,12219330.3,17741150
1686,0.9,0.3,150,5648326.3,12092823.7,17741150
1687,0.9,0.3,160,5115234.6,12625915.4,17741150
1688,0.9,0.3,170,6087157.8,11653992.2,17741150
1689,0.9,0.3,180,5319322.5,12421827.5,17741150
1691,0.9,0.31,10,1371192.7,16369957.3,2151690
1692,0.9,0.31,20,2048153.3,15692996.7,4207014
1693,0.9,0.31,30,1979504.1,15761645.9,6117063
1694,0.9,0.31,40,2060620.3,15680529.7,8418612
1695,0.9,0.31,50,2752268.7,14988881.3,10327455
1696,0.9,0.31,60,2947093.7,14794056.3,12362622
1697,0.9,0.31,70,3763538.9,13977611.1,13795810
1698,0.9,0.31,80,3937127.7,13804022.3,15234907
1699,0.9,0.31,90,4263494.8,13477655.2,17295512
1700,0.9,0.31,100,4806272.3,12934877.7,17663280
1701,0.9,0.31,110,4637034.6,13104115.4,17741150
1702,0.9,0.31,120,5270728.9,12470421.1,17741150
1703,0.9,0.31,130,5539417.7,12201732.3,17741150
1704,0.9,0.31,140,6038501.6,11702648.4,17741150
1705,0.9,0.31,150,5847971.7,11893178.3,17741150
1706,0.9,0.31,160,5761568.6,11979581.4,17741150
1707,0.9,0.31,170,6110184.8,11630965.2,17741150
1708,0.9,0.31,180,6413108.3,11328041.7,17741150
1710,0.9,0.36,10,1364476.7,16376673.3,2093817
1711,0.9,0.36,20,2217423.9,15523726.1,4333240
1712,0.9,0.36,30,1968219,15772931,6124299
1713,0.9,0.36,40,2245853.7,15495296.3,8242252
1714,0.9,0.36,50,2467676.6,15273473.4,10313610
1715,0.9,0.36,60,2956916.8,14784233.2,12209496
1716,0.9,0.36,70,3442733.2,14298416.8,13816677
1717,0.9,0.36,80,3851088.4,13890061.6,15089454
1718,0.9,0.36,90,3910126.5,13831023.5,17125358
1719,0.9,0.36,100,4145900,13595250,17720935
1720,0.9,0.36,110,4548353.7,13192796.3,17741150
1721,0.9,0.36,120,4789365.7,12951784.3,17741150
1722,0.9,0.36,130,5340174.4,12400975.6,17741150
1723,0.9,0.36,140,5093653.5,12647496.5,17741150
1724,0.9,0.36,150,4721015.3,13020134.7,17741150
1725,0.9,0.36,160,5146114.1,12595035.9,17741150
1726,0.9,0.36,170,5723532.9,12017617.1,17741150
1727,0.9,0.36,180,5496781.1,12244368.9,17741150
1729,0.9,0.45,10,1381793.8,16359356.2,2306440
1730,0.9,0.45,20,1736696.2,16004453.8,4264156
1731,0.9,0.45,30,2036392.9,15704757.1,5956305
1732,0.9,0.45,40,2091919.3,15649230.7,7960220
1733,0.9,0.45,50,2580557.8,15160592.2,10024470
1734,0.9,0.45,60,2828285.9,14912864.1,11937558
1735,0.9,0.45,70,2945387.8,14795762.2,14677572
1736,0.9,0.45,80,3496682.7,14244467.3,15559166
1737,0.9,0.45,90,4033589.4,13707560.6,16800709
1738,0.9,0.45,100,4474816.7,13266333.3,17741150
1739,0.9,0.45,110,4493730.8,13247419.2,17741150
1740,0.9,0.45,120,4876803.1,12864346.9,17741150
1741,0.9,0.45,130,5417722.9,12323427.1,17741150
1742,0.9,0.45,140,4743217.1,12997932.9,17741150
1743,0.9,0.45,150,5206677,12534473,17741150
1744,0.9,0.45,160,5431917.6,12309232.4,17741150
1745,0.9,0.45,170,4856210.4,12884939.6,17741150
1746,0.9,0.45,180,4885167.4,12855982.6,17741150
1748,0.9,0.321,10,1465870.5,16275279.5,2209368
1749,0.9,0.321,20,1910933.6,15830216.4,4474044
1750,0.9,0.321,30,1828147.4,15913002.6,6322929
1751,0.9,0.321,40,2126199.8,15614950.2,8127992
1752,0.9,0.321,50,2585728.6,15155421.4,10457690
1753,0.9,0.321,60,2879279.4,14861870.6,12325637
1754,0.9,0.321,70,3162069.5,14579080.5,14581182
1755,0.9,0.321,80,3871704.3,13869445.7,16085521
1756,0.9,0.321,90,4136800.5,13604349.5,17007980
1757,0.9,0.321,100,4690331.8,13050818.2,17672740
1758,0.9,0.321,110,5074896,12666254,17741150
1759,0.9,0.321,120,5305760,12435390,17741150
1760,0.9,0.321,130,5002704.9,12738445.1,17741150
1761,0.9,0.321,140,5258965.4,12482184.6,17741150
1762,0.9,0.321,150,5473889.7,12267260.3,17741150
1763,0.9,0.321,160,5556156.4,12184993.6,17741150
1764,0.9,0.321,170,5463849.8,12277300.2,17741150
1765,0.9,0.321,180,5543466.8,12197683.2,17741150
1767,0.9,0.333,10,1371527.4,16369622.6,2137732
1768,0.9,0.333,20,1935204.4,15805945.6,4478328
1769,0.9,0.333,30,2185843.5,15555306.5,6087780
1770,0.9,0.333,40,2227794.8,15513355.2,8112540
1771,0.9,0.333,50,2847712.3,14893437.7,10229030
1772,0.9,0.333,60,3007406.6,14733743.4,11070294
1773,0.9,0.333,70,3447410,14293740,13038144
1774,0.9,0.333,80,3913514.8,13827635.2,14699515
1775,0.9,0.333,90,4545786.7,13195363.3,16796957
1776,0.9,0.333,100,4576399,13164751,17486345
1777,0.9,0.333,110,4844489.1,12896660.9,17741150
1778,0.9,0.333,120,4696136,13045014,17741150
1779,0.9,0.333,130,5844385,11896765,17741150
1780,0.9,0.333,140,5405803.6,12335346.4,17741150
1781,0.9,0.333,150,5234175.9,12506974.1,17741150
1782,0.9,0.333,160,5691520.6,12049629.4,17741150
1783,0.9,0.333,170,5720522.6,12020627.4,17741150
1784,0.9,0.333,180,5801462.5,11939687.5,17741150
1786,0.9,0.346,10,1326856.3,16414293.7,2205046
1787,0.9,0.346,20,1852126.1,15889023.9,4435314
1788,0.9,0.346,30,2051969,15689181,5937573
1789,0.9,0.346,40,2130704.7,15610445.3,7888916
1790,0.9,0.346,50,2664859.1,15076290.9,9746550
1791,0.9,0.346,60,3151227.5,14589922.5,10959642
1792,0.9,0.346,70,3541269,14199881,13095222
1793,0.9,0.346,80,3860335.8,13880814.2,15044142
1794,0.9,0.346,90,4471306.6,13269843.4,16550997
1795,0.9,0.346,100,4425282.6,13315867.4,17625520
1796,0.9,0.346,110,5046145.3,12695004.7,17741150
1797,0.9,0.346,120,5215196.6,12525953.4,17741150
1798,0.9,0.346,130,5451543.3,12289606.7,17741150
1799,0.9,0.346,140,5831789.8,11909360.2,17741150
1800,0.9,0.346,150,5491123.4,12250026.6,17741150
1801,0.9,0.346,160,5788780.1,11952369.9,17741150
1802,0.9,0.346,170,6024004.3,11717145.7,17741150
1803,0.9,0.346,180,6057250.9,11683899.1,17741150
1805,0.9,0.375,10,1270462.7,16470687.3,2046316
1806,0.9,0.375,20,1855230.3,15885919.7,4268992
1807,0.9,0.375,30,2188032.3,15553117.7,6056376
1808,0.9,0.375,40,2484073.3,15257076.7,8113432
1809,0.9,0.375,50,2982406.4,14758743.6,8947110
1810,0.9,0.375,60,3203390.7,14537759.3,12102126
1811,0.9,0.375,70,3708587.8,14032562.2,13867497
1812,0.9,0.375,80,4103047,13638103,15602659
1813,0.9,0.375,90,4276777.3,13464372.7,17023884
1814,0.9,0.375,100,5084842.3,12656307.7,17683435
1815,0.9,0.375,110,5605707.9,12135442.1,17672486
1816,0.9,0.375,120,5642254.3,12098895.7,17741150
1817,0.9,0.375,130,5382013.1,12359136.9,17741150
1818,0.9,0.375,140,5606703.5,12134446.5,17741150
1819,0.9,0.375,150,6431830.3,11309319.7,17741150
1820,0.9,0.375,160,6259081.1,11482068.9,17741150
1821,0.9,0.375,170,5894227.6,11846922.4,17741150
1822,0.9,0.375,180,6585146.4,11156003.6,17741150
1824,0.9,0.391,10,1322413.2,16418736.8,2144701
1825,0.9,0.391,20,1414205.4,16326944.6,4331730
1826,0.9,0.391,30,1723207.8,16017942.2,5908380
1827,0.9,0.391,40,2339270.9,15401879.1,7874276
1828,0.9,0.391,50,2519339.1,15221810.9,10139955
1829,0.9,0.391,60,3000283.7,14740866.3,11957544
1830,0.9,0.391,70,3140852.4,14600297.6,14415254
1831,0.9,0.391,80,4045219.2,13695930.8,16076721
1832,0.9,0.391,90,4143503.3,13597646.7,17628904
1833,0.9,0.391,100,4879914.6,12861235.4,17535675
1834,0.9,0.391,110,4958778.2,12782371.8,17741150
1835,0.9,0.391,120,4992349.1,12748800.9,17741150
1836,0.9,0.391,130,5139540.2,12601609.8,17741150
1837,0.9,0.391,140,5110585.8,12630564.2,17741150
1838,0.9,0.391,150,4960115.5,12781034.5,17741150
1839,0.9,0.391,160,5843671.7,11897478.3,17741150
1840,0.9,0.391,170,5342413.1,12398736.9,17741150
1841,0.9,0.391,180,5369307.9,12371842.1,17741150
1843,0.9,0.409,10,1295171.6,16445978.4,2228892
1844,0.9,0.409,20,1839671.6,15901478.4,4511036
1845,0.9,0.409,30,2093495.4,15647654.6,6179859
1846,0.9,0.409,40,2053919.3,15687230.7,8506568
1847,0.9,0.409,50,2805548.4,14935601.6,10553625
1848,0.9,0.409,60,2864149.3,14877000.7,11426358
1849,0.9,0.409,70,3371685.3,14369464.7,14584332
1850,0.9,0.409,80,3682210.6,14058939.4,15623265
1851,0.9,0.409,90,4052139.9,13689010.1,17313348
1852,0.9,0.409,100,4198255.9,13542894.1,17707315
1853,0.9,0.409,110,4489291.7,13251858.3,17741150
1854,0.9,0.409,120,4500642.8,13240507.2,17741150
1855,0.9,0.409,130,5101930.5,12639219.5,17741150
1856,0.9,0.409,140,4790007.4,12951142.6,17741150
1857,0.9,0.409,150,4896414.4,12844735.6,17741150
1858,0.9,0.409,160,5381942.5,12359207.5,17741150
1859,0.9,0.409,170,5425749.6,12315400.4,17741150
1860,0.9,0.409,180,5440475.8,12300674.2,17741150
1862,0.9,0.429,10,1420789.7,16320360.3,2243943
1863,0.9,0.429,20,1563805.5,16177344.5,4261516
1864,0.9,0.429,30,1984733.4,15756416.6,6030375
1865,0.9,0.429,40,2322621.7,15418528.3,8089424
1866,0.9,0.429,50,2609266.4,15131883.6,10072700
1867,0.9,0.429,60,3018268.5,14722881.5,12222402
1868,0.9,0.429,70,3605989.5,14135160.5,13079465
1869,0.9,0.429,80,3793823.6,13947326.4,16053702
1870,0.9,0.429,90,3741211.5,13999938.5,17338332
1871,0.9,0.429,100,4648960.4,13092189.6,17741150
1872,0.9,0.429,110,5066863.5,12674286.5,17741150
1873,0.9,0.429,120,5310935.5,12430214.5,17741150
1874,0.9,0.429,130,5508567.7,12232582.3,17741150
1875,0.9,0.429,140,5475190.5,12265959.5,17741150
1876,0.9,0.429,150,4881879.8,12859270.2,17741150
1877,0.9,0.429,160,5956421.5,11784728.5,17741150
1878,0.9,0.429,170,5723989.9,12017160.1,17741150
1879,0.9,0.429,180,5653730,12087420,17741150
